Expense_ID,Date,Employee_ID,Employee_Name,Title,Department,Category,Vendor,Description,Amount_USD,Currency,Receipt_Attached,Pre_Approved,Reimbursable,Cost_Center,Project_Code,GL_Account,Status
EXP-20000,2024-11-09,EMP-1002,Marcus Rivera,Director Finance,Legal,Training & Conferences,Microsoft Ignite,Training & Conferences - Microsoft Ignite - Business purpose,3647.81,USD,Yes,Yes,Yes,CC-171,PRJ-2024-COPILOT,7100,Pending
EXP-20001,2024-12-03,EMP-1003,Tom Buckley,Sales Director,Executive,Marketing Events,Catering Services,Marketing Events - Catering Services - Business purpose,25779.27,USD,Yes,Requires Approval,Yes,CC-191,PRJ-2024-OPS,7100,Approved
EXP-20002,2024-11-05,EMP-1007,Kevin Park,Account Executive,Executive,Marketing Events,Event Venue,Marketing Events - Event Venue - Business purpose,15359.78,USD,Yes,Requires Approval,Yes,CC-147,PRJ-2024-COPILOT,6100,Approved
EXP-20003,2024-12-16,EMP-1012,Maria Santos,Financial Analyst,Executive,Equipment,Apple Business,Equipment - Apple Business - Business purpose,2199.35,USD,Yes,Yes,Direct Bill,CC-139,PRJ-2024-SALES,6300,Approved
EXP-20004,2024-10-13,EMP-1004,Priya Nair,Engineering Lead,HR,Office Supplies,Grainger,Office Supplies - Grainger - Business purpose,40.52,USD,No,Yes,Yes,CC-134,PRJ-2024-COPILOT,6500,Approved
EXP-20005,2024-11-18,EMP-1006,Dana Osei,HR Director,Executive,Equipment,Jabra,Equipment - Jabra - Business purpose,351.01,USD,Yes,Yes,Yes,CC-190,PRJ-2024-COPILOT,7100,Under Review
EXP-20006,2024-12-07,EMP-1007,Kevin Park,Account Executive,HR,Consulting & Professional Fees,PwC,Consulting & Professional Fees - PwC - Business purpose,36121.09,USD,Yes,Requires Approval,Yes,CC-123,PRJ-2024-COPILOT,6300,Approved
EXP-20007,2024-12-24,EMP-1014,Rachel Green,Product Manager,Finance,Software & Subscriptions,DocuSign,Software & Subscriptions - DocuSign - Business purpose,1080.57,USD,Yes,Yes,Direct Bill,CC-158,PRJ-2024-OPS,6100,Under Review
EXP-20008,2024-11-02,EMP-1009,Robert Chang,Senior Engineer,Engineering,Software & Subscriptions,Slack,Software & Subscriptions - Slack - Business purpose,1043.02,USD,Yes,Yes,Direct Bill,CC-199,PRJ-2024-OPS,7200,Approved
EXP-20009,2024-12-22,EMP-1001,Sarah Chen,VP Customer Success,Operations,Travel - Airfare,Delta Air Lines,Travel - Airfare - Delta Air Lines - Business purpose,1934.57,USD,Yes,Yes,Yes,CC-184,PRJ-2024-SALES,7200,Approved
EXP-20010,2024-12-13,EMP-1009,Robert Chang,Senior Engineer,Operations,Travel - Hotel,Westin,Travel - Hotel - Westin - Business purpose,167.82,USD,Yes,Yes,Yes,CC-172,PRJ-OVERHEAD,6200,Approved
EXP-20011,2024-12-16,EMP-1012,Maria Santos,Financial Analyst,Finance,Consulting & Professional Fees,McKinsey & Company,Consulting & Professional Fees - McKinsey & Company - Business purpose,9888.43,USD,Yes,Requires Approval,Yes,CC-147,PRJ-2024-SALES,6500,Approved
EXP-20012,2024-10-12,EMP-1014,Rachel Green,Product Manager,Legal,Training & Conferences,Microsoft Ignite,Training & Conferences - Microsoft Ignite - Business purpose,1575.91,USD,Yes,Yes,Yes,CC-196,PRJ-2024-SALES,6400,Approved
EXP-20013,2024-10-27,EMP-1011,David Kim,Solutions Architect,Marketing,Travel - Ground,Lyft Business,Travel - Ground - Lyft Business - Business purpose,138.99,USD,Yes,Yes,Yes,CC-115,PRJ-OVERHEAD,6400,Approved
EXP-20014,2024-12-13,EMP-1009,Robert Chang,Senior Engineer,Engineering,Equipment,Logitech,Equipment - Logitech - Business purpose,2432.72,USD,Yes,Yes,Direct Bill,CC-153,PRJ-2024-SALES,7100,Approved
EXP-20015,2024-10-23,EMP-1006,Dana Osei,HR Director,HR,Software & Subscriptions,Salesforce,Software & Subscriptions - Salesforce - Business purpose,377.21,USD,Yes,Yes,Yes,CC-110,PRJ-2024-MKTG,7100,Pending
EXP-20016,2024-10-22,EMP-1009,Robert Chang,Senior Engineer,HR,Marketing Events,Event Venue,Marketing Events - Event Venue - Business purpose,6504.46,USD,Yes,Requires Approval,Yes,CC-199,PRJ-2024-MKTG,6500,Approved
EXP-20017,2024-10-14,EMP-1006,Dana Osei,HR Director,Marketing,Marketing Events,Event Marketing Agency,Marketing Events - Event Marketing Agency - Business purpose,6980.73,USD,Yes,Requires Approval,Yes,CC-115,PRJ-2024-OPS,7100,Approved
EXP-20018,2024-12-11,EMP-1012,Maria Santos,Financial Analyst,Marketing,Meals & Entertainment,Client Dinner,Meals & Entertainment - Client Dinner - Business purpose,148.49,USD,Yes,Yes,Yes,CC-184,PRJ-2024-SALES,7200,Approved
EXP-20019,2024-11-25,EMP-1003,Tom Buckley,Sales Director,HR,Software & Subscriptions,Adobe Creative Cloud,Software & Subscriptions - Adobe Creative Cloud - Business purpose,1046.43,USD,Yes,Yes,Direct Bill,CC-197,PRJ-2024-MKTG,6300,Under Review
EXP-20020,2024-12-23,EMP-1015,Michael Brown,IT Manager,Operations,Marketing Events,Event Marketing Agency,Marketing Events - Event Marketing Agency - Business purpose,16522.09,USD,Yes,Requires Approval,Yes,CC-172,PRJ-2024-MKTG,7100,Approved
EXP-20021,2024-12-15,EMP-1009,Robert Chang,Senior Engineer,Finance,Meals & Entertainment,Client Dinner,Meals & Entertainment - Client Dinner - Business purpose,363.86,USD,Yes,Yes,Yes,CC-173,PRJ-2024-COPILOT,7100,Approved
EXP-20022,2024-11-22,EMP-1003,Tom Buckley,Sales Director,Operations,Office Supplies,Office Depot,Office Supplies - Office Depot - Business purpose,338.03,USD,Yes,Yes,Yes,CC-125,PRJ-2024-MKTG,6400,Approved
EXP-20023,2024-11-10,EMP-1013,Chris Johnson,Account Executive,Executive,Travel - Hotel,Hyatt,Travel - Hotel - Hyatt - Business purpose,273.6,USD,Yes,Yes,Yes,CC-110,PRJ-2024-COPILOT,6100,Under Review
EXP-20024,2024-12-01,EMP-1001,Sarah Chen,VP Customer Success,HR,Equipment,Jabra,Equipment - Jabra - Business purpose,1754.33,USD,Yes,Yes,Direct Bill,CC-138,PRJ-2024-COPILOT,6500,Under Review
EXP-20025,2024-12-13,EMP-1010,Amanda Walsh,Legal Counsel,HR,Software & Subscriptions,Tableau,Software & Subscriptions - Tableau - Business purpose,240.51,USD,Yes,Yes,Yes,CC-118,PRJ-2024-SALES,6300,Approved
EXP-20026,2024-12-21,EMP-1015,Michael Brown,IT Manager,Operations,Travel - Ground,Uber Business,Travel - Ground - Uber Business - Business purpose,97.6,USD,Yes,Yes,Yes,CC-131,PRJ-2024-COPILOT,6300,Approved
EXP-20027,2024-11-26,EMP-1014,Rachel Green,Product Manager,Marketing,Travel - Ground,Uber Business,Travel - Ground - Uber Business - Business purpose,102.59,USD,Yes,Yes,Yes,CC-172,PRJ-2024-SALES,6200,Approved
EXP-20028,2024-10-21,EMP-1008,Lisa Torres,Marketing Manager,Finance,Marketing Events,AV Equipment Rental,Marketing Events - AV Equipment Rental - Business purpose,16947.99,USD,Yes,Requires Approval,Yes,CC-179,PRJ-2024-MKTG,6100,Approved
EXP-20029,2024-11-20,EMP-1009,Robert Chang,Senior Engineer,Marketing,Software & Subscriptions,Salesforce,Software & Subscriptions - Salesforce - Business purpose,543.53,USD,Yes,Yes,Direct Bill,CC-125,PRJ-2024-COPILOT,6200,Approved
EXP-20030,2024-11-08,EMP-1009,Robert Chang,Senior Engineer,Marketing,Training & Conferences,Microsoft Ignite,Training & Conferences - Microsoft Ignite - Business purpose,1565.11,USD,Yes,Yes,Yes,CC-112,PRJ-2024-MKTG,7200,Approved
EXP-20031,2024-12-01,EMP-1011,David Kim,Solutions Architect,Finance,Travel - Airfare,American Airlines,Travel - Airfare - American Airlines - Business purpose,1270.63,USD,Yes,Yes,Yes,CC-112,PRJ-OVERHEAD,6400,Pending
EXP-20032,2024-10-22,EMP-1002,Marcus Rivera,Director Finance,HR,Travel - Airfare,American Airlines,Travel - Airfare - American Airlines - Business purpose,1949.2,USD,Yes,Yes,Yes,CC-120,PRJ-2024-COPILOT,6200,Pending
EXP-20033,2024-11-04,EMP-1012,Maria Santos,Financial Analyst,Legal,Travel - Airfare,American Airlines,Travel - Airfare - American Airlines - Business purpose,1888.14,USD,Yes,Yes,Yes,CC-179,PRJ-2024-SALES,6400,Approved
EXP-20034,2024-11-04,EMP-1011,David Kim,Solutions Architect,Executive,Consulting & Professional Fees,Independent Consultant,Consulting & Professional Fees - Independent Consultant - Business purpose,15831.77,USD,Yes,Requires Approval,Yes,CC-116,PRJ-2024-COPILOT,6400,Approved
EXP-20035,2024-12-23,EMP-1010,Amanda Walsh,Legal Counsel,Executive,Travel - Airfare,Southwest Airlines,Travel - Airfare - Southwest Airlines - Business purpose,2218.99,USD,Yes,Yes,Yes,CC-199,PRJ-OVERHEAD,6300,Under Review
EXP-20036,2024-10-12,EMP-1010,Amanda Walsh,Legal Counsel,Finance,Marketing Events,Event Marketing Agency,Marketing Events - Event Marketing Agency - Business purpose,16481.15,USD,Yes,Requires Approval,Yes,CC-102,PRJ-2024-MKTG,6500,Pending
EXP-20037,2024-10-10,EMP-1009,Robert Chang,Senior Engineer,Marketing,Travel - Ground,Lyft Business,Travel - Ground - Lyft Business - Business purpose,105.25,USD,Yes,Yes,Yes,CC-132,PRJ-OVERHEAD,6300,Under Review
EXP-20038,2024-12-09,EMP-1010,Amanda Walsh,Legal Counsel,Operations,Travel - Ground,Uber Business,Travel - Ground - Uber Business - Business purpose,58.35,USD,No,Yes,Yes,CC-194,PRJ-2024-MKTG,7200,Pending
EXP-20039,2024-10-27,EMP-1003,Tom Buckley,Sales Director,Legal,Consulting & Professional Fees,Deloitte,Consulting & Professional Fees - Deloitte - Business purpose,22340.12,USD,Yes,Requires Approval,Yes,CC-197,PRJ-OVERHEAD,7100,Approved
EXP-20040,2024-11-21,EMP-1010,Amanda Walsh,Legal Counsel,Sales,Travel - Ground,Enterprise Rent-A-Car,Travel - Ground - Enterprise Rent-A-Car - Business purpose,29.75,USD,No,Yes,Yes,CC-135,PRJ-OVERHEAD,6500,Under Review
EXP-20041,2024-11-10,EMP-1001,Sarah Chen,VP Customer Success,Operations,Travel - Hotel,Hyatt,Travel - Hotel - Hyatt - Business purpose,330.8,USD,Yes,Yes,Yes,CC-142,PRJ-2024-MKTG,6500,Approved
EXP-20042,2024-10-14,EMP-1002,Marcus Rivera,Director Finance,Engineering,Training & Conferences,Internal Training,Training & Conferences - Internal Training - Business purpose,2825.85,USD,Yes,Yes,Yes,CC-177,PRJ-2024-MKTG,6300,Approved
EXP-20043,2024-10-04,EMP-1001,Sarah Chen,VP Customer Success,Legal,Meals & Entertainment,Client Dinner,Meals & Entertainment - Client Dinner - Business purpose,643.88,USD,Yes,Yes,Yes,CC-135,PRJ-2024-MKTG,6400,Pending
EXP-20044,2024-10-03,EMP-1015,Michael Brown,IT Manager,Marketing,Training & Conferences,Internal Training,Training & Conferences - Internal Training - Business purpose,2573.43,USD,Yes,Yes,Yes,CC-168,PRJ-2024-COPILOT,6400,Approved
EXP-20045,2024-12-24,EMP-1015,Michael Brown,IT Manager,Marketing,Software & Subscriptions,Adobe Creative Cloud,Software & Subscriptions - Adobe Creative Cloud - Business purpose,1074.68,USD,Yes,Yes,Direct Bill,CC-133,PRJ-OVERHEAD,6200,Approved
EXP-20046,2024-11-17,EMP-1011,David Kim,Solutions Architect,Legal,Meals & Entertainment,Nobu,Meals & Entertainment - Nobu - Business purpose,152.99,USD,Yes,Yes,Yes,CC-149,PRJ-OVERHEAD,6100,Approved
EXP-20047,2024-12-11,EMP-1008,Lisa Torres,Marketing Manager,Sales,Travel - Airfare,United Airlines,Travel - Airfare - United Airlines - Business purpose,2230.71,USD,Yes,Yes,Yes,CC-168,PRJ-2024-OPS,7100,Approved
EXP-20048,2024-10-23,EMP-1008,Lisa Torres,Marketing Manager,Marketing,Marketing Events,Catering Services,Marketing Events - Catering Services - Business purpose,22424.8,USD,Yes,Requires Approval,Yes,CC-149,PRJ-2024-SALES,6500,Approved
EXP-20049,2024-11-08,EMP-1013,Chris Johnson,Account Executive,Sales,Office Supplies,Staples Business,Office Supplies - Staples Business - Business purpose,119.54,USD,Yes,Yes,Yes,CC-178,PRJ-OVERHEAD,6300,Under Review
EXP-20050,2024-12-20,EMP-1008,Lisa Torres,Marketing Manager,Operations,Training & Conferences,Salesforce Dreamforce,Training & Conferences - Salesforce Dreamforce - Business purpose,1055.09,USD,Yes,Yes,Yes,CC-132,PRJ-2024-COPILOT,7200,Approved
EXP-20051,2024-12-28,EMP-1010,Amanda Walsh,Legal Counsel,Executive,Marketing Events,Event Venue,Marketing Events - Event Venue - Business purpose,5666.48,USD,Yes,Requires Approval,Yes,CC-148,PRJ-2024-COPILOT,6100,Pending
EXP-20052,2024-10-10,EMP-1007,Kevin Park,Account Executive,Marketing,Office Supplies,Office Depot,Office Supplies - Office Depot - Business purpose,151.44,USD,Yes,Yes,Yes,CC-120,PRJ-2024-COPILOT,7200,Approved
EXP-20053,2024-11-26,EMP-1012,Maria Santos,Financial Analyst,Sales,Travel - Ground,Enterprise Rent-A-Car,Travel - Ground - Enterprise Rent-A-Car - Business purpose,119.67,USD,Yes,Yes,Yes,CC-156,PRJ-2024-OPS,7200,Approved
EXP-20054,2024-12-26,EMP-1005,James Whitfield,CTO,Marketing,Software & Subscriptions,Slack,Software & Subscriptions - Slack - Business purpose,703.0,USD,Yes,Yes,Direct Bill,CC-178,PRJ-2024-OPS,7100,Approved
EXP-20055,2024-12-03,EMP-1001,Sarah Chen,VP Customer Success,Sales,Software & Subscriptions,Tableau,Software & Subscriptions - Tableau - Business purpose,1126.24,USD,Yes,Yes,Direct Bill,CC-187,PRJ-OVERHEAD,6200,Approved
EXP-20056,2024-11-12,EMP-1012,Maria Santos,Financial Analyst,Executive,Office Supplies,Grainger,Office Supplies - Grainger - Business purpose,267.39,USD,Yes,Yes,Yes,CC-166,PRJ-2024-OPS,6200,Approved
EXP-20057,2024-11-10,EMP-1012,Maria Santos,Financial Analyst,Sales,Training & Conferences,Internal Training,Training & Conferences - Internal Training - Business purpose,707.13,USD,Yes,Yes,Yes,CC-184,PRJ-2024-SALES,6100,Approved
EXP-20058,2024-12-16,EMP-1001,Sarah Chen,VP Customer Success,Legal,Travel - Hotel,Hilton,Travel - Hotel - Hilton - Business purpose,305.05,USD,Yes,Yes,Yes,CC-128,PRJ-2024-SALES,6300,Approved
EXP-20059,2024-11-24,EMP-1008,Lisa Torres,Marketing Manager,Legal,Software & Subscriptions,Adobe Creative Cloud,Software & Subscriptions - Adobe Creative Cloud - Business purpose,352.33,USD,Yes,Yes,Yes,CC-104,PRJ-2024-COPILOT,7200,Approved
EXP-20060,2024-12-21,EMP-1004,Priya Nair,Engineering Lead,Operations,Office Supplies,Amazon Business,Office Supplies - Amazon Business - Business purpose,272.43,USD,Yes,Yes,Yes,CC-171,PRJ-2024-COPILOT,6100,Under Review
EXP-20061,2024-11-01,EMP-1004,Priya Nair,Engineering Lead,Executive,Office Supplies,Amazon Business,Office Supplies - Amazon Business - Business purpose,88.77,USD,Yes,Yes,Yes,CC-151,PRJ-2024-SALES,6400,Approved
EXP-20062,2024-12-12,EMP-1002,Marcus Rivera,Director Finance,Sales,Office Supplies,Staples Business,Office Supplies - Staples Business - Business purpose,172.82,USD,Yes,Yes,Yes,CC-116,PRJ-2024-MKTG,7100,Approved
EXP-20063,2024-10-18,EMP-1011,David Kim,Solutions Architect,Executive,Software & Subscriptions,Salesforce,Software & Subscriptions - Salesforce - Business purpose,504.3,USD,Yes,Yes,Direct Bill,CC-181,PRJ-2024-OPS,6300,Pending
EXP-20064,2024-11-19,EMP-1010,Amanda Walsh,Legal Counsel,Engineering,Software & Subscriptions,Salesforce,Software & Subscriptions - Salesforce - Business purpose,552.26,USD,Yes,Yes,Direct Bill,CC-150,PRJ-2024-OPS,6300,Approved
EXP-20065,2024-11-21,EMP-1012,Maria Santos,Financial Analyst,Marketing,Travel - Hotel,Westin,Travel - Hotel - Westin - Business purpose,208.17,USD,Yes,Yes,Yes,CC-189,PRJ-2024-OPS,6400,Approved
EXP-20066,2024-10-07,EMP-1013,Chris Johnson,Account Executive,Executive,Marketing Events,AV Equipment Rental,Marketing Events - AV Equipment Rental - Business purpose,3041.37,USD,Yes,Yes,Yes,CC-193,PRJ-2024-MKTG,6300,Pending
EXP-20067,2024-11-12,EMP-1004,Priya Nair,Engineering Lead,Legal,Training & Conferences,Internal Training,Training & Conferences - Internal Training - Business purpose,903.35,USD,Yes,Yes,Yes,CC-150,PRJ-2024-SALES,6500,Under Review
EXP-20068,2024-12-27,EMP-1004,Priya Nair,Engineering Lead,HR,Training & Conferences,Salesforce Dreamforce,Training & Conferences - Salesforce Dreamforce - Business purpose,1292.73,USD,Yes,Yes,Yes,CC-177,PRJ-OVERHEAD,6300,Under Review
EXP-20069,2024-12-19,EMP-1001,Sarah Chen,VP Customer Success,HR,Equipment,Jabra,Equipment - Jabra - Business purpose,1038.13,USD,Yes,Yes,Direct Bill,CC-156,PRJ-2024-OPS,6400,Approved
EXP-20070,2024-10-02,EMP-1011,David Kim,Solutions Architect,Operations,Travel - Airfare,Southwest Airlines,Travel - Airfare - Southwest Airlines - Business purpose,967.8,USD,Yes,Yes,Yes,CC-135,PRJ-2024-SALES,6300,Pending
EXP-20071,2024-11-20,EMP-1003,Tom Buckley,Sales Director,Engineering,Training & Conferences,Microsoft Ignite,Training & Conferences - Microsoft Ignite - Business purpose,2743.83,USD,Yes,Yes,Yes,CC-142,PRJ-2024-SALES,7100,Approved
EXP-20072,2024-11-09,EMP-1003,Tom Buckley,Sales Director,Executive,Consulting & Professional Fees,Deloitte,Consulting & Professional Fees - Deloitte - Business purpose,40702.39,USD,Yes,Requires Approval,Yes,CC-180,PRJ-2024-SALES,7200,Approved
EXP-20073,2024-12-22,EMP-1011,David Kim,Solutions Architect,Sales,Training & Conferences,Gartner Summit,Training & Conferences - Gartner Summit - Business purpose,4138.02,USD,Yes,Yes,Yes,CC-150,PRJ-2024-OPS,6500,Pending
EXP-20074,2024-11-24,EMP-1007,Kevin Park,Account Executive,Marketing,Meals & Entertainment,The Capital Grille,Meals & Entertainment - The Capital Grille - Business purpose,198.39,USD,Yes,Yes,Yes,CC-130,PRJ-2024-SALES,6500,Approved
EXP-20075,2024-10-28,EMP-1008,Lisa Torres,Marketing Manager,Marketing,Travel - Hotel,Hilton,Travel - Hotel - Hilton - Business purpose,367.55,USD,Yes,Yes,Yes,CC-141,PRJ-2024-COPILOT,6400,Approved
EXP-20076,2024-12-26,EMP-1010,Amanda Walsh,Legal Counsel,Legal,Consulting & Professional Fees,Deloitte,Consulting & Professional Fees - Deloitte - Business purpose,32476.3,USD,Yes,Requires Approval,Yes,CC-175,PRJ-2024-COPILOT,6300,Approved
EXP-20077,2024-11-02,EMP-1015,Michael Brown,IT Manager,Engineering,Meals & Entertainment,Local Restaurant,Meals & Entertainment - Local Restaurant - Business purpose,551.58,USD,Yes,Yes,Yes,CC-113,PRJ-2024-MKTG,6500,Approved
EXP-20078,2024-12-16,EMP-1006,Dana Osei,HR Director,Sales,Consulting & Professional Fees,McKinsey & Company,Consulting & Professional Fees - McKinsey & Company - Business purpose,11089.51,USD,Yes,Requires Approval,Yes,CC-109,PRJ-2024-MKTG,7200,Approved
EXP-20079,2024-11-07,EMP-1010,Amanda Walsh,Legal Counsel,HR,Equipment,Jabra,Equipment - Jabra - Business purpose,3112.21,USD,Yes,Yes,Direct Bill,CC-142,PRJ-OVERHEAD,6200,Pending
EXP-20080,2024-12-10,EMP-1008,Lisa Torres,Marketing Manager,Sales,Meals & Entertainment,The Capital Grille,Meals & Entertainment - The Capital Grille - Business purpose,165.92,USD,Yes,Yes,Yes,CC-188,PRJ-OVERHEAD,7100,Pending
EXP-20081,2024-11-25,EMP-1014,Rachel Green,Product Manager,Legal,Travel - Ground,Hertz,Travel - Ground - Hertz - Business purpose,137.66,USD,Yes,Yes,Yes,CC-117,PRJ-2024-COPILOT,7100,Approved
EXP-20082,2024-10-08,EMP-1009,Robert Chang,Senior Engineer,Engineering,Travel - Hotel,Hyatt,Travel - Hotel - Hyatt - Business purpose,252.64,USD,Yes,Yes,Yes,CC-197,PRJ-2024-MKTG,7200,Approved
EXP-20083,2024-12-13,EMP-1013,Chris Johnson,Account Executive,Finance,Travel - Hotel,Marriott,Travel - Hotel - Marriott - Business purpose,386.64,USD,Yes,Yes,Yes,CC-170,PRJ-OVERHEAD,6100,Pending
EXP-20084,2024-11-08,EMP-1008,Lisa Torres,Marketing Manager,Legal,Equipment,Jabra,Equipment - Jabra - Business purpose,1224.48,USD,Yes,Yes,Direct Bill,CC-113,PRJ-2024-MKTG,6500,Under Review
EXP-20085,2024-12-05,EMP-1005,James Whitfield,CTO,Executive,Marketing Events,Event Venue,Marketing Events - Event Venue - Business purpose,9797.06,USD,Yes,Requires Approval,Yes,CC-176,PRJ-2024-SALES,6200,Under Review
EXP-20086,2024-10-10,EMP-1003,Tom Buckley,Sales Director,Marketing,Travel - Ground,Uber Business,Travel - Ground - Uber Business - Business purpose,129.82,USD,Yes,Yes,Yes,CC-171,PRJ-2024-MKTG,6500,Approved
EXP-20087,2024-11-02,EMP-1013,Chris Johnson,Account Executive,HR,Office Supplies,Staples Business,Office Supplies - Staples Business - Business purpose,304.68,USD,Yes,Yes,Yes,CC-190,PRJ-2024-COPILOT,6200,Pending
EXP-20088,2024-11-24,EMP-1013,Chris Johnson,Account Executive,HR,Office Supplies,Grainger,Office Supplies - Grainger - Business purpose,223.49,USD,Yes,Yes,Yes,CC-110,PRJ-2024-COPILOT,6500,Approved
EXP-20089,2024-12-25,EMP-1007,Kevin Park,Account Executive,Executive,Equipment,Apple Business,Equipment - Apple Business - Business purpose,364.48,USD,Yes,Yes,Yes,CC-107,PRJ-2024-COPILOT,6500,Under Review
EXP-20090,2024-10-17,EMP-1012,Maria Santos,Financial Analyst,Legal,Equipment,Jabra,Equipment - Jabra - Business purpose,2569.94,USD,Yes,Yes,Direct Bill,CC-138,PRJ-OVERHEAD,6200,Approved
EXP-20091,2024-12-06,EMP-1014,Rachel Green,Product Manager,Sales,Marketing Events,Catering Services,Marketing Events - Catering Services - Business purpose,11101.59,USD,Yes,Requires Approval,Yes,CC-129,PRJ-2024-OPS,7100,Approved
EXP-20092,2024-11-25,EMP-1002,Marcus Rivera,Director Finance,Sales,Training & Conferences,Microsoft Ignite,Training & Conferences - Microsoft Ignite - Business purpose,773.01,USD,Yes,Yes,Yes,CC-170,PRJ-2024-SALES,6300,Approved
EXP-20093,2024-10-17,EMP-1014,Rachel Green,Product Manager,Operations,Marketing Events,Event Marketing Agency,Marketing Events - Event Marketing Agency - Business purpose,10410.3,USD,Yes,Requires Approval,Yes,CC-101,PRJ-OVERHEAD,6300,Approved
EXP-20094,2024-11-06,EMP-1014,Rachel Green,Product Manager,HR,Software & Subscriptions,Adobe Creative Cloud,Software & Subscriptions - Adobe Creative Cloud - Business purpose,755.07,USD,Yes,Yes,Direct Bill,CC-163,PRJ-2024-MKTG,6400,Approved
EXP-20095,2024-11-18,EMP-1005,James Whitfield,CTO,Sales,Consulting & Professional Fees,McKinsey & Company,Consulting & Professional Fees - McKinsey & Company - Business purpose,28602.08,USD,Yes,Requires Approval,Yes,CC-194,PRJ-2024-SALES,6100,Approved
EXP-20096,2024-12-09,EMP-1006,Dana Osei,HR Director,Finance,Travel - Hotel,IHG,Travel - Hotel - IHG - Business purpose,236.4,USD,Yes,Yes,Yes,CC-126,PRJ-2024-COPILOT,6100,Under Review
EXP-20097,2024-11-16,EMP-1008,Lisa Torres,Marketing Manager,Marketing,Meals & Entertainment,Morton's Steakhouse,Meals & Entertainment - Morton's Steakhouse - Business purpose,535.42,USD,Yes,Yes,Yes,CC-170,PRJ-2024-SALES,6100,Approved
EXP-20098,2024-11-22,EMP-1005,James Whitfield,CTO,Engineering,Equipment,HP Inc,Equipment - HP Inc - Business purpose,2252.01,USD,Yes,Yes,Direct Bill,CC-105,PRJ-2024-SALES,6300,Approved
EXP-20099,2024-10-26,EMP-1009,Robert Chang,Senior Engineer,Finance,Consulting & Professional Fees,Deloitte,Consulting & Professional Fees - Deloitte - Business purpose,37005.64,USD,Yes,Requires Approval,Yes,CC-186,PRJ-2024-COPILOT,6500,Approved
EXP-20100,2024-11-17,EMP-1002,Marcus Rivera,Director Finance,Executive,Meals & Entertainment,Client Dinner,Meals & Entertainment - Client Dinner - Business purpose,305.77,USD,Yes,Yes,Yes,CC-102,PRJ-OVERHEAD,6300,Under Review
EXP-20101,2024-12-16,EMP-1011,David Kim,Solutions Architect,HR,Travel - Airfare,Delta Air Lines,Travel - Airfare - Delta Air Lines - Business purpose,938.28,USD,Yes,Yes,Yes,CC-100,PRJ-2024-SALES,6500,Approved
EXP-20102,2024-11-02,EMP-1004,Priya Nair,Engineering Lead,HR,Travel - Airfare,American Airlines,Travel - Airfare - American Airlines - Business purpose,1482.14,USD,Yes,Yes,Yes,CC-162,PRJ-2024-OPS,6100,Pending
EXP-20103,2024-11-05,EMP-1012,Maria Santos,Financial Analyst,Engineering,Marketing Events,Event Marketing Agency,Marketing Events - Event Marketing Agency - Business purpose,13105.66,USD,Yes,Requires Approval,Yes,CC-169,PRJ-2024-MKTG,7100,Approved
EXP-20104,2024-10-09,EMP-1005,James Whitfield,CTO,Executive,Consulting & Professional Fees,Independent Consultant,Consulting & Professional Fees - Independent Consultant - Business purpose,29242.09,USD,Yes,Requires Approval,Yes,CC-152,PRJ-OVERHEAD,7200,Approved
EXP-20105,2024-11-10,EMP-1007,Kevin Park,Account Executive,Legal,Marketing Events,Catering Services,Marketing Events - Catering Services - Business purpose,24104.65,USD,Yes,Requires Approval,Yes,CC-125,PRJ-2024-OPS,7100,Approved
EXP-20106,2024-12-04,EMP-1001,Sarah Chen,VP Customer Success,Executive,Training & Conferences,Internal Training,Training & Conferences - Internal Training - Business purpose,2567.2,USD,Yes,Yes,Yes,CC-139,PRJ-2024-COPILOT,6200,Approved
EXP-20107,2024-12-24,EMP-1005,James Whitfield,CTO,Sales,Meals & Entertainment,The Capital Grille,Meals & Entertainment - The Capital Grille - Business purpose,240.53,USD,Yes,Yes,Yes,CC-113,PRJ-2024-MKTG,6500,Approved
EXP-20108,2024-12-24,EMP-1005,James Whitfield,CTO,Marketing,Equipment,HP Inc,Equipment - HP Inc - Business purpose,640.66,USD,Yes,Yes,Direct Bill,CC-162,PRJ-OVERHEAD,6200,Approved
EXP-20109,2024-10-17,EMP-1010,Amanda Walsh,Legal Counsel,HR,Software & Subscriptions,Adobe Creative Cloud,Software & Subscriptions - Adobe Creative Cloud - Business purpose,373.55,USD,Yes,Yes,Yes,CC-121,PRJ-OVERHEAD,7200,Approved
EXP-20110,2024-10-06,EMP-1002,Marcus Rivera,Director Finance,Legal,Equipment,HP Inc,Equipment - HP Inc - Business purpose,842.26,USD,Yes,Yes,Direct Bill,CC-175,PRJ-2024-SALES,7100,Pending
EXP-20111,2024-10-12,EMP-1010,Amanda Walsh,Legal Counsel,Legal,Consulting & Professional Fees,PwC,Consulting & Professional Fees - PwC - Business purpose,40692.42,USD,Yes,Requires Approval,Yes,CC-198,PRJ-2024-MKTG,6400,Pending
EXP-20112,2024-12-27,EMP-1003,Tom Buckley,Sales Director,Legal,Travel - Airfare,American Airlines,Travel - Airfare - American Airlines - Business purpose,2200.5,USD,Yes,Yes,Yes,CC-149,PRJ-2024-COPILOT,6200,Approved
EXP-20113,2024-12-02,EMP-1008,Lisa Torres,Marketing Manager,Operations,Software & Subscriptions,Salesforce,Software & Subscriptions - Salesforce - Business purpose,532.93,USD,Yes,Yes,Direct Bill,CC-188,PRJ-2024-COPILOT,6400,Under Review
EXP-20114,2024-11-13,EMP-1009,Robert Chang,Senior Engineer,HR,Consulting & Professional Fees,Deloitte,Consulting & Professional Fees - Deloitte - Business purpose,9177.82,USD,Yes,Requires Approval,Yes,CC-136,PRJ-2024-SALES,6200,Approved
EXP-20115,2024-12-02,EMP-1013,Chris Johnson,Account Executive,Operations,Travel - Hotel,Westin,Travel - Hotel - Westin - Business purpose,319.63,USD,Yes,Yes,Yes,CC-196,PRJ-2024-OPS,7100,Under Review
EXP-20116,2024-12-26,EMP-1005,James Whitfield,CTO,Sales,Travel - Airfare,Southwest Airlines,Travel - Airfare - Southwest Airlines - Business purpose,536.23,USD,Yes,Yes,Yes,CC-153,PRJ-2024-MKTG,6300,Under Review
EXP-20117,2024-12-14,EMP-1007,Kevin Park,Account Executive,HR,Meals & Entertainment,Nobu,Meals & Entertainment - Nobu - Business purpose,49.42,USD,No,Yes,Yes,CC-142,PRJ-OVERHEAD,6100,Approved
EXP-20118,2024-10-13,EMP-1009,Robert Chang,Senior Engineer,Engineering,Software & Subscriptions,Adobe Creative Cloud,Software & Subscriptions - Adobe Creative Cloud - Business purpose,378.46,USD,Yes,Yes,Yes,CC-198,PRJ-2024-OPS,6300,Approved
EXP-20119,2024-11-16,EMP-1006,Dana Osei,HR Director,Engineering,Marketing Events,Catering Services,Marketing Events - Catering Services - Business purpose,6206.23,USD,Yes,Requires Approval,Yes,CC-144,PRJ-2024-OPS,7200,Under Review
EXP-20120,2024-12-20,EMP-1003,Tom Buckley,Sales Director,Engineering,Office Supplies,Staples Business,Office Supplies - Staples Business - Business purpose,38.13,USD,No,Yes,Yes,CC-106,PRJ-2024-OPS,6100,Pending
EXP-20121,2024-10-06,EMP-1003,Tom Buckley,Sales Director,Executive,Travel - Hotel,Hilton,Travel - Hotel - Hilton - Business purpose,239.79,USD,Yes,Yes,Yes,CC-152,PRJ-2024-COPILOT,7200,Approved
EXP-20122,2024-11-03,EMP-1007,Kevin Park,Account Executive,Marketing,Meals & Entertainment,Local Restaurant,Meals & Entertainment - Local Restaurant - Business purpose,587.96,USD,Yes,Yes,Yes,CC-170,PRJ-OVERHEAD,7100,Under Review
EXP-20123,2024-10-22,EMP-1009,Robert Chang,Senior Engineer,Finance,Travel - Ground,Uber Business,Travel - Ground - Uber Business - Business purpose,82.45,USD,Yes,Yes,Yes,CC-195,PRJ-2024-SALES,6500,Pending
EXP-20124,2024-10-06,EMP-1012,Maria Santos,Financial Analyst,Executive,Meals & Entertainment,Morton's Steakhouse,Meals & Entertainment - Morton's Steakhouse - Business purpose,560.93,USD,Yes,Yes,Yes,CC-166,PRJ-2024-OPS,6400,Pending
EXP-20125,2024-12-15,EMP-1004,Priya Nair,Engineering Lead,Legal,Travel - Hotel,Marriott,Travel - Hotel - Marriott - Business purpose,389.74,USD,Yes,Yes,Yes,CC-191,PRJ-2024-COPILOT,7200,Approved
EXP-20126,2024-10-26,EMP-1005,James Whitfield,CTO,HR,Travel - Ground,Uber Business,Travel - Ground - Uber Business - Business purpose,40.98,USD,No,Yes,Yes,CC-163,PRJ-2024-COPILOT,7100,Under Review
EXP-20127,2024-11-17,EMP-1001,Sarah Chen,VP Customer Success,Sales,Meals & Entertainment,Morton's Steakhouse,Meals & Entertainment - Morton's Steakhouse - Business purpose,309.87,USD,Yes,Yes,Yes,CC-175,PRJ-OVERHEAD,7100,Approved
EXP-20128,2024-11-03,EMP-1009,Robert Chang,Senior Engineer,Marketing,Consulting & Professional Fees,PwC,Consulting & Professional Fees - PwC - Business purpose,32509.41,USD,Yes,Requires Approval,Yes,CC-133,PRJ-OVERHEAD,6500,Approved
EXP-20129,2024-12-26,EMP-1008,Lisa Torres,Marketing Manager,HR,Meals & Entertainment,Local Restaurant,Meals & Entertainment - Local Restaurant - Business purpose,520.44,USD,Yes,Yes,Yes,CC-178,PRJ-2024-OPS,7100,Approved
EXP-20130,2024-12-27,EMP-1005,James Whitfield,CTO,Engineering,Consulting & Professional Fees,Independent Consultant,Consulting & Professional Fees - Independent Consultant - Business purpose,35651.25,USD,Yes,Requires Approval,Yes,CC-199,PRJ-2024-OPS,6400,Under Review
EXP-20131,2024-11-10,EMP-1009,Robert Chang,Senior Engineer,Sales,Marketing Events,Catering Services,Marketing Events - Catering Services - Business purpose,13935.1,USD,Yes,Requires Approval,Yes,CC-171,PRJ-2024-MKTG,6100,Approved
EXP-20132,2024-11-04,EMP-1003,Tom Buckley,Sales Director,Legal,Travel - Hotel,Hyatt,Travel - Hotel - Hyatt - Business purpose,333.2,USD,Yes,Yes,Yes,CC-130,PRJ-2024-COPILOT,6400,Under Review
EXP-20133,2024-11-09,EMP-1001,Sarah Chen,VP Customer Success,Engineering,Meals & Entertainment,The Capital Grille,Meals & Entertainment - The Capital Grille - Business purpose,673.27,USD,Yes,Yes,Yes,CC-196,PRJ-OVERHEAD,7200,Approved
EXP-20134,2024-10-06,EMP-1013,Chris Johnson,Account Executive,Finance,Training & Conferences,Internal Training,Training & Conferences - Internal Training - Business purpose,1627.73,USD,Yes,Yes,Yes,CC-168,PRJ-2024-SALES,6400,Approved
EXP-20135,2024-11-12,EMP-1013,Chris Johnson,Account Executive,Finance,Equipment,Jabra,Equipment - Jabra - Business purpose,1209.06,USD,Yes,Yes,Direct Bill,CC-180,PRJ-2024-COPILOT,6500,Under Review
EXP-20136,2024-10-23,EMP-1006,Dana Osei,HR Director,Marketing,Training & Conferences,Microsoft Ignite,Training & Conferences - Microsoft Ignite - Business purpose,1091.72,USD,Yes,Yes,Yes,CC-149,PRJ-OVERHEAD,6400,Approved
EXP-20137,2024-10-10,EMP-1009,Robert Chang,Senior Engineer,Finance,Travel - Hotel,IHG,Travel - Hotel - IHG - Business purpose,335.04,USD,Yes,Yes,Yes,CC-131,PRJ-2024-SALES,6300,Pending
EXP-20138,2024-12-21,EMP-1011,David Kim,Solutions Architect,Operations,Travel - Ground,Lyft Business,Travel - Ground - Lyft Business - Business purpose,28.29,USD,No,Yes,Yes,CC-166,PRJ-2024-SALES,7200,Pending
EXP-20139,2024-10-26,EMP-1015,Michael Brown,IT Manager,HR,Consulting & Professional Fees,Independent Consultant,Consulting & Professional Fees - Independent Consultant - Business purpose,35178.73,USD,Yes,Requires Approval,Yes,CC-167,PRJ-2024-MKTG,7200,Approved
EXP-20140,2024-12-01,EMP-1001,Sarah Chen,VP Customer Success,Finance,Consulting & Professional Fees,McKinsey & Company,Consulting & Professional Fees - McKinsey & Company - Business purpose,14815.78,USD,Yes,Requires Approval,Yes,CC-194,PRJ-OVERHEAD,6300,Approved
EXP-20141,2024-10-02,EMP-1010,Amanda Walsh,Legal Counsel,Finance,Training & Conferences,Gartner Summit,Training & Conferences - Gartner Summit - Business purpose,3024.68,USD,Yes,Yes,Yes,CC-145,PRJ-2024-COPILOT,7200,Approved
EXP-20142,2024-12-22,EMP-1010,Amanda Walsh,Legal Counsel,Executive,Travel - Airfare,United Airlines,Travel - Airfare - United Airlines - Business purpose,1344.45,USD,Yes,Yes,Yes,CC-199,PRJ-2024-SALES,6300,Under Review
EXP-20143,2024-11-24,EMP-1013,Chris Johnson,Account Executive,Operations,Marketing Events,Event Marketing Agency,Marketing Events - Event Marketing Agency - Business purpose,6900.17,USD,Yes,Requires Approval,Yes,CC-166,PRJ-OVERHEAD,7200,Pending
EXP-20144,2024-11-09,EMP-1005,James Whitfield,CTO,Engineering,Office Supplies,Grainger,Office Supplies - Grainger - Business purpose,100.71,USD,Yes,Yes,Yes,CC-136,PRJ-2024-SALES,6500,Approved
EXP-20145,2024-12-24,EMP-1007,Kevin Park,Account Executive,Operations,Training & Conferences,Microsoft Ignite,Training & Conferences - Microsoft Ignite - Business purpose,2241.22,USD,Yes,Yes,Yes,CC-193,PRJ-OVERHEAD,6400,Approved
EXP-20146,2024-12-18,EMP-1014,Rachel Green,Product Manager,Marketing,Software & Subscriptions,Tableau,Software & Subscriptions - Tableau - Business purpose,888.89,USD,Yes,Yes,Direct Bill,CC-188,PRJ-2024-MKTG,6400,Under Review
EXP-20147,2024-12-19,EMP-1010,Amanda Walsh,Legal Counsel,Engineering,Equipment,Logitech,Equipment - Logitech - Business purpose,2464.9,USD,Yes,Yes,Direct Bill,CC-166,PRJ-2024-SALES,6500,Pending
EXP-20148,2024-11-10,EMP-1008,Lisa Torres,Marketing Manager,Legal,Training & Conferences,Gartner Summit,Training & Conferences - Gartner Summit - Business purpose,3420.9,USD,Yes,Yes,Yes,CC-189,PRJ-2024-MKTG,7100,Pending
EXP-20149,2024-11-15,EMP-1014,Rachel Green,Product Manager,HR,Travel - Airfare,United Airlines,Travel - Airfare - United Airlines - Business purpose,752.65,USD,Yes,Yes,Yes,CC-145,PRJ-2024-OPS,6500,Pending
EXP-20150,2024-11-05,EMP-1010,Amanda Walsh,Legal Counsel,Executive,Meals & Entertainment,Morton's Steakhouse,Meals & Entertainment - Morton's Steakhouse - Business purpose,611.58,USD,Yes,Yes,Yes,CC-149,PRJ-OVERHEAD,7200,Pending
EXP-20151,2024-10-26,EMP-1011,David Kim,Solutions Architect,Sales,Training & Conferences,Gartner Summit,Training & Conferences - Gartner Summit - Business purpose,1936.79,USD,Yes,Yes,Yes,CC-101,PRJ-2024-MKTG,6500,Under Review
EXP-20152,2024-11-01,EMP-1009,Robert Chang,Senior Engineer,Operations,Equipment,Logitech,Equipment - Logitech - Business purpose,2627.79,USD,Yes,Yes,Direct Bill,CC-121,PRJ-OVERHEAD,6300,Approved
EXP-20153,2024-10-23,EMP-1010,Amanda Walsh,Legal Counsel,Marketing,Travel - Airfare,Southwest Airlines,Travel - Airfare - Southwest Airlines - Business purpose,1660.51,USD,Yes,Yes,Yes,CC-120,PRJ-2024-MKTG,6500,Approved
EXP-20154,2024-10-19,EMP-1007,Kevin Park,Account Executive,Executive,Equipment,HP Inc,Equipment - HP Inc - Business purpose,2599.83,USD,Yes,Yes,Direct Bill,CC-108,PRJ-2024-COPILOT,7100,Approved
EXP-20155,2024-10-27,EMP-1005,James Whitfield,CTO,Operations,Marketing Events,Catering Services,Marketing Events - Catering Services - Business purpose,26834.5,USD,Yes,Requires Approval,Yes,CC-134,PRJ-2024-MKTG,6500,Approved
EXP-20156,2024-10-25,EMP-1012,Maria Santos,Financial Analyst,HR,Travel - Hotel,Westin,Travel - Hotel - Westin - Business purpose,156.41,USD,Yes,Yes,Yes,CC-132,PRJ-2024-MKTG,6300,Approved
EXP-20157,2024-12-16,EMP-1002,Marcus Rivera,Director Finance,Sales,Travel - Ground,Lyft Business,Travel - Ground - Lyft Business - Business purpose,108.59,USD,Yes,Yes,Yes,CC-178,PRJ-OVERHEAD,6300,Under Review
EXP-20158,2024-11-05,EMP-1004,Priya Nair,Engineering Lead,Legal,Travel - Hotel,Marriott,Travel - Hotel - Marriott - Business purpose,352.9,USD,Yes,Yes,Yes,CC-175,PRJ-2024-OPS,6200,Approved
EXP-20159,2024-11-27,EMP-1013,Chris Johnson,Account Executive,Finance,Marketing Events,Catering Services,Marketing Events - Catering Services - Business purpose,8341.7,USD,Yes,Requires Approval,Yes,CC-120,PRJ-2024-COPILOT,6500,Approved
EXP-20160,2024-11-24,EMP-1003,Tom Buckley,Sales Director,HR,Consulting & Professional Fees,PwC,Consulting & Professional Fees - PwC - Business purpose,16916.78,USD,Yes,Requires Approval,Yes,CC-184,PRJ-2024-OPS,7200,Pending
EXP-20161,2024-10-04,EMP-1003,Tom Buckley,Sales Director,HR,Office Supplies,Staples Business,Office Supplies - Staples Business - Business purpose,291.39,USD,Yes,Yes,Yes,CC-102,PRJ-2024-SALES,6500,Approved
EXP-20162,2024-10-21,EMP-1006,Dana Osei,HR Director,Marketing,Travel - Airfare,Southwest Airlines,Travel - Airfare - Southwest Airlines - Business purpose,2352.94,USD,Yes,Yes,Yes,CC-118,PRJ-2024-OPS,6500,Approved
EXP-20163,2024-10-20,EMP-1008,Lisa Torres,Marketing Manager,Engineering,Software & Subscriptions,Tableau,Software & Subscriptions - Tableau - Business purpose,312.19,USD,Yes,Yes,Yes,CC-168,PRJ-2024-SALES,7100,Under Review
EXP-20164,2024-12-13,EMP-1009,Robert Chang,Senior Engineer,Executive,Marketing Events,Event Venue,Marketing Events - Event Venue - Business purpose,14966.58,USD,Yes,Requires Approval,Yes,CC-141,PRJ-2024-SALES,6200,Approved
EXP-20165,2024-11-17,EMP-1003,Tom Buckley,Sales Director,Operations,Travel - Ground,Uber Business,Travel - Ground - Uber Business - Business purpose,24.79,USD,No,Yes,Yes,CC-130,PRJ-2024-MKTG,6200,Under Review
EXP-20166,2024-11-16,EMP-1008,Lisa Torres,Marketing Manager,Engineering,Equipment,HP Inc,Equipment - HP Inc - Business purpose,1304.91,USD,Yes,Yes,Direct Bill,CC-111,PRJ-2024-MKTG,6100,Approved
EXP-20167,2024-11-04,EMP-1011,David Kim,Solutions Architect,HR,Office Supplies,Grainger,Office Supplies - Grainger - Business purpose,165.13,USD,Yes,Yes,Yes,CC-172,PRJ-2024-COPILOT,6400,Under Review
EXP-20168,2024-10-21,EMP-1002,Marcus Rivera,Director Finance,Engineering,Consulting & Professional Fees,Deloitte,Consulting & Professional Fees - Deloitte - Business purpose,14037.57,USD,Yes,Requires Approval,Yes,CC-160,PRJ-2024-COPILOT,6400,Under Review
EXP-20169,2024-12-08,EMP-1010,Amanda Walsh,Legal Counsel,HR,Training & Conferences,Salesforce Dreamforce,Training & Conferences - Salesforce Dreamforce - Business purpose,2559.28,USD,Yes,Yes,Yes,CC-154,PRJ-2024-MKTG,7100,Approved
EXP-20170,2024-12-24,EMP-1014,Rachel Green,Product Manager,Operations,Travel - Ground,Hertz,Travel - Ground - Hertz - Business purpose,41.24,USD,No,Yes,Yes,CC-139,PRJ-2024-SALES,6100,Approved
EXP-20171,2024-12-15,EMP-1013,Chris Johnson,Account Executive,Sales,Marketing Events,AV Equipment Rental,Marketing Events - AV Equipment Rental - Business purpose,10190.23,USD,Yes,Requires Approval,Yes,CC-163,PRJ-2024-MKTG,6500,Approved
EXP-20172,2024-11-04,EMP-1013,Chris Johnson,Account Executive,Sales,Equipment,HP Inc,Equipment - HP Inc - Business purpose,887.34,USD,Yes,Yes,Direct Bill,CC-117,PRJ-2024-MKTG,6500,Approved
EXP-20173,2024-12-22,EMP-1010,Amanda Walsh,Legal Counsel,Engineering,Office Supplies,Grainger,Office Supplies - Grainger - Business purpose,309.29,USD,Yes,Yes,Yes,CC-177,PRJ-2024-SALES,6400,Under Review
EXP-20174,2024-11-12,EMP-1009,Robert Chang,Senior Engineer,Sales,Equipment,Apple Business,Equipment - Apple Business - Business purpose,1123.68,USD,Yes,Yes,Direct Bill,CC-144,PRJ-2024-COPILOT,6100,Approved
EXP-20175,2024-10-28,EMP-1010,Amanda Walsh,Legal Counsel,Sales,Office Supplies,Amazon Business,Office Supplies - Amazon Business - Business purpose,295.05,USD,Yes,Yes,Yes,CC-117,PRJ-2024-MKTG,6200,Under Review
EXP-20176,2024-12-10,EMP-1010,Amanda Walsh,Legal Counsel,Sales,Travel - Hotel,Marriott,Travel - Hotel - Marriott - Business purpose,214.82,USD,Yes,Yes,Yes,CC-152,PRJ-2024-OPS,6100,Under Review
EXP-20177,2024-11-12,EMP-1001,Sarah Chen,VP Customer Success,Engineering,Training & Conferences,Gartner Summit,Training & Conferences - Gartner Summit - Business purpose,889.87,USD,Yes,Yes,Yes,CC-173,PRJ-2024-COPILOT,6400,Approved
EXP-20178,2024-11-27,EMP-1013,Chris Johnson,Account Executive,Engineering,Travel - Airfare,Delta Air Lines,Travel - Airfare - Delta Air Lines - Business purpose,1257.76,USD,Yes,Yes,Yes,CC-164,PRJ-2024-COPILOT,6200,Under Review
EXP-20179,2024-12-26,EMP-1008,Lisa Torres,Marketing Manager,Legal,Marketing Events,AV Equipment Rental,Marketing Events - AV Equipment Rental - Business purpose,26510.1,USD,Yes,Requires Approval,Yes,CC-154,PRJ-2024-OPS,6400,Approved
EXP-20180,2024-12-10,EMP-1010,Amanda Walsh,Legal Counsel,Executive,Travel - Hotel,Marriott,Travel - Hotel - Marriott - Business purpose,176.86,USD,Yes,Yes,Yes,CC-112,PRJ-2024-COPILOT,6300,Approved
EXP-20181,2024-10-08,EMP-1001,Sarah Chen,VP Customer Success,Marketing,Office Supplies,Amazon Business,Office Supplies - Amazon Business - Business purpose,26.67,USD,No,Yes,Yes,CC-105,PRJ-OVERHEAD,7100,Approved
EXP-20182,2024-12-09,EMP-1015,Michael Brown,IT Manager,Legal,Travel - Airfare,Southwest Airlines,Travel - Airfare - Southwest Airlines - Business purpose,1162.88,USD,Yes,Yes,Yes,CC-136,PRJ-OVERHEAD,6500,Approved
EXP-20183,2024-10-09,EMP-1007,Kevin Park,Account Executive,Executive,Consulting & Professional Fees,PwC,Consulting & Professional Fees - PwC - Business purpose,44206.31,USD,Yes,Requires Approval,Yes,CC-100,PRJ-2024-MKTG,7100,Pending
EXP-20184,2024-11-11,EMP-1004,Priya Nair,Engineering Lead,Executive,Training & Conferences,Salesforce Dreamforce,Training & Conferences - Salesforce Dreamforce - Business purpose,1656.33,USD,Yes,Yes,Yes,CC-191,PRJ-OVERHEAD,6100,Approved
EXP-20185,2024-10-16,EMP-1010,Amanda Walsh,Legal Counsel,Legal,Training & Conferences,Internal Training,Training & Conferences - Internal Training - Business purpose,3744.0,USD,Yes,Yes,Yes,CC-117,PRJ-2024-OPS,6300,Approved
EXP-20186,2024-11-07,EMP-1004,Priya Nair,Engineering Lead,Sales,Office Supplies,Staples Business,Office Supplies - Staples Business - Business purpose,310.41,USD,Yes,Yes,Yes,CC-148,PRJ-OVERHEAD,6300,Approved
EXP-20187,2024-11-26,EMP-1001,Sarah Chen,VP Customer Success,Legal,Travel - Hotel,IHG,Travel - Hotel - IHG - Business purpose,336.73,USD,Yes,Yes,Yes,CC-178,PRJ-2024-MKTG,7100,Approved
EXP-20188,2024-11-23,EMP-1011,David Kim,Solutions Architect,Marketing,Marketing Events,AV Equipment Rental,Marketing Events - AV Equipment Rental - Business purpose,26064.19,USD,Yes,Requires Approval,Yes,CC-142,PRJ-2024-SALES,6200,Approved
EXP-20189,2024-12-22,EMP-1012,Maria Santos,Financial Analyst,Executive,Travel - Ground,Lyft Business,Travel - Ground - Lyft Business - Business purpose,112.27,USD,Yes,Yes,Yes,CC-103,PRJ-OVERHEAD,6100,Approved
EXP-20190,2024-12-02,EMP-1010,Amanda Walsh,Legal Counsel,Finance,Training & Conferences,Microsoft Ignite,Training & Conferences - Microsoft Ignite - Business purpose,4040.73,USD,Yes,Yes,Yes,CC-108,PRJ-2024-MKTG,6400,Approved
EXP-20191,2024-11-08,EMP-1007,Kevin Park,Account Executive,Operations,Travel - Airfare,United Airlines,Travel - Airfare - United Airlines - Business purpose,484.34,USD,Yes,Yes,Yes,CC-132,PRJ-OVERHEAD,7100,Approved
EXP-20192,2024-11-28,EMP-1003,Tom Buckley,Sales Director,HR,Travel - Airfare,United Airlines,Travel - Airfare - United Airlines - Business purpose,1023.28,USD,Yes,Yes,Yes,CC-193,PRJ-OVERHEAD,6500,Under Review
EXP-20193,2024-12-22,EMP-1014,Rachel Green,Product Manager,Sales,Meals & Entertainment,Nobu,Meals & Entertainment - Nobu - Business purpose,567.75,USD,Yes,Yes,Yes,CC-161,PRJ-OVERHEAD,6500,Approved
EXP-20194,2024-12-22,EMP-1008,Lisa Torres,Marketing Manager,Operations,Training & Conferences,Gartner Summit,Training & Conferences - Gartner Summit - Business purpose,2765.17,USD,Yes,Yes,Yes,CC-120,PRJ-2024-SALES,6500,Approved
EXP-20195,2024-10-06,EMP-1012,Maria Santos,Financial Analyst,Finance,Equipment,Jabra,Equipment - Jabra - Business purpose,1191.43,USD,Yes,Yes,Direct Bill,CC-119,PRJ-2024-OPS,6300,Approved
EXP-20196,2024-11-17,EMP-1010,Amanda Walsh,Legal Counsel,Operations,Software & Subscriptions,Adobe Creative Cloud,Software & Subscriptions - Adobe Creative Cloud - Business purpose,1141.91,USD,Yes,Yes,Direct Bill,CC-141,PRJ-2024-OPS,6300,Approved
EXP-20197,2024-11-25,EMP-1007,Kevin Park,Account Executive,Executive,Travel - Airfare,United Airlines,Travel - Airfare - United Airlines - Business purpose,1597.18,USD,Yes,Yes,Yes,CC-160,PRJ-2024-OPS,7100,Approved
EXP-20198,2024-10-28,EMP-1015,Michael Brown,IT Manager,Sales,Consulting & Professional Fees,Independent Consultant,Consulting & Professional Fees - Independent Consultant - Business purpose,32188.73,USD,Yes,Requires Approval,Yes,CC-121,PRJ-OVERHEAD,6200,Approved
EXP-20199,2024-12-24,EMP-1006,Dana Osei,HR Director,HR,Travel - Hotel,Marriott,Travel - Hotel - Marriott - Business purpose,193.38,USD,Yes,Yes,Yes,CC-127,PRJ-2024-OPS,6400,Approved
EXP-20200,2024-11-09,EMP-1012,Maria Santos,Financial Analyst,Engineering,Travel - Ground,Uber Business,Travel - Ground - Uber Business - Business purpose,138.11,USD,Yes,Yes,Yes,CC-145,PRJ-2024-SALES,6400,Approved
EXP-20201,2024-10-17,EMP-1005,James Whitfield,CTO,Finance,Consulting & Professional Fees,Deloitte,Consulting & Professional Fees - Deloitte - Business purpose,36616.57,USD,Yes,Requires Approval,Yes,CC-161,PRJ-2024-MKTG,6200,Approved
EXP-20202,2024-11-04,EMP-1012,Maria Santos,Financial Analyst,Engineering,Training & Conferences,Microsoft Ignite,Training & Conferences - Microsoft Ignite - Business purpose,2030.68,USD,Yes,Yes,Yes,CC-139,PRJ-2024-OPS,6300,Approved
EXP-20203,2024-10-18,EMP-1009,Robert Chang,Senior Engineer,Operations,Marketing Events,AV Equipment Rental,Marketing Events - AV Equipment Rental - Business purpose,7717.39,USD,Yes,Requires Approval,Yes,CC-171,PRJ-2024-OPS,6400,Pending
EXP-20204,2024-11-01,EMP-1005,James Whitfield,CTO,Engineering,Marketing Events,Catering Services,Marketing Events - Catering Services - Business purpose,7716.04,USD,Yes,Requires Approval,Yes,CC-139,PRJ-2024-MKTG,6500,Approved
EXP-20205,2024-11-11,EMP-1002,Marcus Rivera,Director Finance,Executive,Software & Subscriptions,Adobe Creative Cloud,Software & Subscriptions - Adobe Creative Cloud - Business purpose,109.64,USD,Yes,Yes,Yes,CC-174,PRJ-2024-COPILOT,6300,Approved
EXP-20206,2024-10-25,EMP-1013,Chris Johnson,Account Executive,Engineering,Equipment,Dell Technologies,Equipment - Dell Technologies - Business purpose,1868.39,USD,Yes,Yes,Direct Bill,CC-105,PRJ-2024-OPS,7200,Pending
EXP-20207,2024-12-20,EMP-1014,Rachel Green,Product Manager,Engineering,Office Supplies,Amazon Business,Office Supplies - Amazon Business - Business purpose,141.94,USD,Yes,Yes,Yes,CC-185,PRJ-2024-COPILOT,6500,Pending
EXP-20208,2024-12-14,EMP-1004,Priya Nair,Engineering Lead,Executive,Travel - Airfare,United Airlines,Travel - Airfare - United Airlines - Business purpose,799.04,USD,Yes,Yes,Yes,CC-118,PRJ-2024-SALES,7100,Pending
EXP-20209,2024-10-10,EMP-1009,Robert Chang,Senior Engineer,Marketing,Travel - Ground,Lyft Business,Travel - Ground - Lyft Business - Business purpose,68.87,USD,No,Yes,Yes,CC-188,PRJ-2024-MKTG,6300,Pending
EXP-20210,2024-11-24,EMP-1015,Michael Brown,IT Manager,Legal,Marketing Events,Event Marketing Agency,Marketing Events - Event Marketing Agency - Business purpose,1849.15,USD,Yes,Yes,Yes,CC-197,PRJ-OVERHEAD,6200,Under Review
EXP-20211,2024-12-07,EMP-1001,Sarah Chen,VP Customer Success,Engineering,Marketing Events,Catering Services,Marketing Events - Catering Services - Business purpose,26739.76,USD,Yes,Requires Approval,Yes,CC-114,PRJ-2024-SALES,6200,Approved
EXP-20212,2024-12-22,EMP-1001,Sarah Chen,VP Customer Success,Executive,Marketing Events,Catering Services,Marketing Events - Catering Services - Business purpose,23023.41,USD,Yes,Requires Approval,Yes,CC-112,PRJ-2024-SALES,6200,Pending
EXP-20213,2024-11-06,EMP-1007,Kevin Park,Account Executive,Executive,Office Supplies,Amazon Business,Office Supplies - Amazon Business - Business purpose,309.54,USD,Yes,Yes,Yes,CC-196,PRJ-2024-COPILOT,6200,Under Review
EXP-20214,2024-10-28,EMP-1014,Rachel Green,Product Manager,Marketing,Marketing Events,Event Marketing Agency,Marketing Events - Event Marketing Agency - Business purpose,22102.28,USD,Yes,Requires Approval,Yes,CC-114,PRJ-2024-COPILOT,6500,Pending
EXP-20215,2024-12-07,EMP-1011,David Kim,Solutions Architect,HR,Training & Conferences,Salesforce Dreamforce,Training & Conferences - Salesforce Dreamforce - Business purpose,1851.95,USD,Yes,Yes,Yes,CC-157,PRJ-2024-COPILOT,6400,Approved
EXP-20216,2024-11-07,EMP-1010,Amanda Walsh,Legal Counsel,Marketing,Training & Conferences,Internal Training,Training & Conferences - Internal Training - Business purpose,1630.44,USD,Yes,Yes,Yes,CC-133,PRJ-2024-MKTG,6500,Pending
EXP-20217,2024-12-27,EMP-1009,Robert Chang,Senior Engineer,HR,Consulting & Professional Fees,McKinsey & Company,Consulting & Professional Fees - McKinsey & Company - Business purpose,9571.69,USD,Yes,Requires Approval,Yes,CC-157,PRJ-OVERHEAD,6200,Approved
EXP-20218,2024-12-10,EMP-1006,Dana Osei,HR Director,Executive,Consulting & Professional Fees,PwC,Consulting & Professional Fees - PwC - Business purpose,26014.4,USD,Yes,Requires Approval,Yes,CC-184,PRJ-2024-SALES,7100,Approved
EXP-20219,2024-12-03,EMP-1015,Michael Brown,IT Manager,Legal,Office Supplies,Office Depot,Office Supplies - Office Depot - Business purpose,114.36,USD,Yes,Yes,Yes,CC-135,PRJ-OVERHEAD,6500,Under Review
EXP-20220,2024-12-22,EMP-1010,Amanda Walsh,Legal Counsel,Finance,Equipment,Apple Business,Equipment - Apple Business - Business purpose,2338.55,USD,Yes,Yes,Direct Bill,CC-160,PRJ-2024-COPILOT,6400,Approved
EXP-20221,2024-10-09,EMP-1002,Marcus Rivera,Director Finance,Legal,Equipment,HP Inc,Equipment - HP Inc - Business purpose,1882.95,USD,Yes,Yes,Direct Bill,CC-174,PRJ-2024-OPS,7100,Pending
EXP-20222,2024-10-12,EMP-1005,James Whitfield,CTO,Operations,Office Supplies,Grainger,Office Supplies - Grainger - Business purpose,143.12,USD,Yes,Yes,Yes,CC-157,PRJ-2024-OPS,7100,Approved
EXP-20223,2024-10-24,EMP-1004,Priya Nair,Engineering Lead,HR,Travel - Hotel,Westin,Travel - Hotel - Westin - Business purpose,315.46,USD,Yes,Yes,Yes,CC-184,PRJ-OVERHEAD,6500,Under Review
EXP-20224,2024-12-05,EMP-1012,Maria Santos,Financial Analyst,Marketing,Office Supplies,Grainger,Office Supplies - Grainger - Business purpose,208.98,USD,Yes,Yes,Yes,CC-184,PRJ-2024-SALES,6200,Approved
EXP-20225,2024-11-16,EMP-1005,James Whitfield,CTO,Marketing,Travel - Hotel,IHG,Travel - Hotel - IHG - Business purpose,401.8,USD,Yes,Yes,Yes,CC-109,PRJ-2024-MKTG,6500,Approved
EXP-20226,2024-12-09,EMP-1006,Dana Osei,HR Director,Legal,Training & Conferences,Microsoft Ignite,Training & Conferences - Microsoft Ignite - Business purpose,3331.07,USD,Yes,Yes,Yes,CC-157,PRJ-2024-SALES,6500,Approved
EXP-20227,2024-11-27,EMP-1011,David Kim,Solutions Architect,Legal,Consulting & Professional Fees,Deloitte,Consulting & Professional Fees - Deloitte - Business purpose,10694.59,USD,Yes,Requires Approval,Yes,CC-173,PRJ-2024-SALES,6500,Approved
EXP-20228,2024-10-06,EMP-1006,Dana Osei,HR Director,Finance,Marketing Events,Catering Services,Marketing Events - Catering Services - Business purpose,17045.19,USD,Yes,Requires Approval,Yes,CC-192,PRJ-2024-COPILOT,6300,Approved
EXP-20229,2024-12-03,EMP-1001,Sarah Chen,VP Customer Success,HR,Travel - Hotel,Hilton,Travel - Hotel - Hilton - Business purpose,350.41,USD,Yes,Yes,Yes,CC-113,PRJ-OVERHEAD,7200,Under Review
EXP-20230,2024-12-24,EMP-1003,Tom Buckley,Sales Director,Finance,Marketing Events,Event Venue,Marketing Events - Event Venue - Business purpose,24327.85,USD,Yes,Requires Approval,Yes,CC-131,PRJ-2024-COPILOT,6300,Approved
EXP-20231,2024-11-14,EMP-1002,Marcus Rivera,Director Finance,Sales,Travel - Ground,Uber Business,Travel - Ground - Uber Business - Business purpose,98.15,USD,Yes,Yes,Yes,CC-177,PRJ-2024-SALES,6300,Approved
EXP-20232,2024-10-04,EMP-1006,Dana Osei,HR Director,Marketing,Software & Subscriptions,DocuSign,Software & Subscriptions - DocuSign - Business purpose,557.94,USD,Yes,Yes,Direct Bill,CC-161,PRJ-OVERHEAD,6100,Under Review
EXP-20233,2024-11-04,EMP-1011,David Kim,Solutions Architect,Engineering,Office Supplies,Grainger,Office Supplies - Grainger - Business purpose,296.33,USD,Yes,Yes,Yes,CC-122,PRJ-2024-COPILOT,6300,Approved
EXP-20234,2024-12-07,EMP-1010,Amanda Walsh,Legal Counsel,HR,Meals & Entertainment,The Capital Grille,Meals & Entertainment - The Capital Grille - Business purpose,245.05,USD,Yes,Yes,Yes,CC-182,PRJ-2024-COPILOT,6300,Approved
EXP-20235,2024-10-06,EMP-1010,Amanda Walsh,Legal Counsel,Sales,Travel - Airfare,Delta Air Lines,Travel - Airfare - Delta Air Lines - Business purpose,389.65,USD,Yes,Yes,Yes,CC-187,PRJ-2024-MKTG,6100,Approved
EXP-20236,2024-12-17,EMP-1001,Sarah Chen,VP Customer Success,Finance,Travel - Hotel,IHG,Travel - Hotel - IHG - Business purpose,244.28,USD,Yes,Yes,Yes,CC-171,PRJ-2024-SALES,6100,Approved
EXP-20237,2024-12-06,EMP-1006,Dana Osei,HR Director,Engineering,Meals & Entertainment,Local Restaurant,Meals & Entertainment - Local Restaurant - Business purpose,519.25,USD,Yes,Yes,Yes,CC-124,PRJ-2024-MKTG,6400,Approved
EXP-20238,2024-12-01,EMP-1002,Marcus Rivera,Director Finance,Finance,Meals & Entertainment,The Capital Grille,Meals & Entertainment - The Capital Grille - Business purpose,235.37,USD,Yes,Yes,Yes,CC-113,PRJ-2024-OPS,6200,Under Review
EXP-20239,2024-12-18,EMP-1006,Dana Osei,HR Director,HR,Meals & Entertainment,Local Restaurant,Meals & Entertainment - Local Restaurant - Business purpose,146.85,USD,Yes,Yes,Yes,CC-170,PRJ-2024-SALES,6300,Approved
EXP-20240,2024-12-12,EMP-1005,James Whitfield,CTO,Finance,Travel - Ground,Hertz,Travel - Ground - Hertz - Business purpose,134.2,USD,Yes,Yes,Yes,CC-109,PRJ-2024-SALES,6200,Under Review
EXP-20241,2024-11-07,EMP-1011,David Kim,Solutions Architect,Legal,Travel - Hotel,Westin,Travel - Hotel - Westin - Business purpose,345.64,USD,Yes,Yes,Yes,CC-186,PRJ-2024-MKTG,6300,Approved
EXP-20242,2024-12-25,EMP-1006,Dana Osei,HR Director,HR,Travel - Ground,Uber Business,Travel - Ground - Uber Business - Business purpose,97.7,USD,Yes,Yes,Yes,CC-192,PRJ-2024-OPS,7100,Approved
EXP-20243,2024-12-16,EMP-1001,Sarah Chen,VP Customer Success,Sales,Office Supplies,Staples Business,Office Supplies - Staples Business - Business purpose,342.77,USD,Yes,Yes,Yes,CC-162,PRJ-2024-COPILOT,6300,Under Review
EXP-20244,2024-10-12,EMP-1008,Lisa Torres,Marketing Manager,HR,Training & Conferences,Gartner Summit,Training & Conferences - Gartner Summit - Business purpose,1321.72,USD,Yes,Yes,Yes,CC-172,PRJ-2024-SALES,7200,Approved
EXP-20245,2024-12-22,EMP-1012,Maria Santos,Financial Analyst,Engineering,Marketing Events,Catering Services,Marketing Events - Catering Services - Business purpose,26799.61,USD,Yes,Requires Approval,Yes,CC-139,PRJ-OVERHEAD,6100,Approved
EXP-20246,2024-10-01,EMP-1007,Kevin Park,Account Executive,Legal,Travel - Airfare,American Airlines,Travel - Airfare - American Airlines - Business purpose,2296.45,USD,Yes,Yes,Yes,CC-155,PRJ-2024-SALES,6400,Approved
EXP-20247,2024-10-25,EMP-1004,Priya Nair,Engineering Lead,Sales,Travel - Ground,Lyft Business,Travel - Ground - Lyft Business - Business purpose,104.88,USD,Yes,Yes,Yes,CC-150,PRJ-2024-OPS,7200,Approved
EXP-20248,2024-12-05,EMP-1007,Kevin Park,Account Executive,Finance,Office Supplies,Amazon Business,Office Supplies - Amazon Business - Business purpose,320.57,USD,Yes,Yes,Yes,CC-146,PRJ-2024-SALES,7200,Pending
EXP-20249,2024-10-16,EMP-1015,Michael Brown,IT Manager,Marketing,Travel - Hotel,IHG,Travel - Hotel - IHG - Business purpose,173.65,USD,Yes,Yes,Yes,CC-194,PRJ-2024-OPS,7100,Approved
EXP-20250,2024-10-23,EMP-1003,Tom Buckley,Sales Director,HR,Meals & Entertainment,Local Restaurant,Meals & Entertainment - Local Restaurant - Business purpose,509.54,USD,Yes,Yes,Yes,CC-175,PRJ-2024-MKTG,6300,Under Review
EXP-20251,2024-12-03,EMP-1012,Maria Santos,Financial Analyst,Executive,Software & Subscriptions,Slack,Software & Subscriptions - Slack - Business purpose,917.97,USD,Yes,Yes,Direct Bill,CC-117,PRJ-2024-OPS,6400,Approved
EXP-20252,2024-12-28,EMP-1010,Amanda Walsh,Legal Counsel,Finance,Office Supplies,Staples Business,Office Supplies - Staples Business - Business purpose,264.4,USD,Yes,Yes,Yes,CC-169,PRJ-2024-MKTG,7200,Under Review
EXP-20253,2024-10-17,EMP-1010,Amanda Walsh,Legal Counsel,Marketing,Training & Conferences,Gartner Summit,Training & Conferences - Gartner Summit - Business purpose,3371.82,USD,Yes,Yes,Yes,CC-131,PRJ-2024-MKTG,6100,Approved
EXP-20254,2024-12-11,EMP-1014,Rachel Green,Product Manager,Sales,Training & Conferences,Gartner Summit,Training & Conferences - Gartner Summit - Business purpose,4425.61,USD,Yes,Yes,Yes,CC-120,PRJ-2024-COPILOT,7200,Pending
EXP-20255,2024-11-21,EMP-1014,Rachel Green,Product Manager,Marketing,Office Supplies,Office Depot,Office Supplies - Office Depot - Business purpose,170.74,USD,Yes,Yes,Yes,CC-165,PRJ-2024-OPS,6400,Under Review
EXP-20256,2024-10-19,EMP-1007,Kevin Park,Account Executive,Finance,Equipment,Apple Business,Equipment - Apple Business - Business purpose,1261.18,USD,Yes,Yes,Direct Bill,CC-139,PRJ-2024-MKTG,7100,Approved
EXP-20257,2024-12-20,EMP-1011,David Kim,Solutions Architect,Legal,Training & Conferences,Internal Training,Training & Conferences - Internal Training - Business purpose,3427.82,USD,Yes,Yes,Yes,CC-146,PRJ-2024-MKTG,7200,Approved
EXP-20258,2024-10-23,EMP-1009,Robert Chang,Senior Engineer,Legal,Travel - Airfare,American Airlines,Travel - Airfare - American Airlines - Business purpose,401.61,USD,Yes,Yes,Yes,CC-188,PRJ-2024-OPS,7100,Pending
EXP-20259,2024-12-26,EMP-1012,Maria Santos,Financial Analyst,Operations,Meals & Entertainment,Morton's Steakhouse,Meals & Entertainment - Morton's Steakhouse - Business purpose,297.71,USD,Yes,Yes,Yes,CC-117,PRJ-2024-SALES,6100,Approved
EXP-20260,2024-11-03,EMP-1013,Chris Johnson,Account Executive,Executive,Meals & Entertainment,Local Restaurant,Meals & Entertainment - Local Restaurant - Business purpose,532.9,USD,Yes,Yes,Yes,CC-135,PRJ-2024-OPS,6500,Approved
EXP-20261,2024-12-06,EMP-1014,Rachel Green,Product Manager,Marketing,Equipment,Jabra,Equipment - Jabra - Business purpose,1335.14,USD,Yes,Yes,Direct Bill,CC-168,PRJ-OVERHEAD,7100,Pending
EXP-20262,2024-10-10,EMP-1011,David Kim,Solutions Architect,Marketing,Software & Subscriptions,Adobe Creative Cloud,Software & Subscriptions - Adobe Creative Cloud - Business purpose,1035.81,USD,Yes,Yes,Direct Bill,CC-119,PRJ-2024-COPILOT,7100,Pending
EXP-20263,2024-10-14,EMP-1011,David Kim,Solutions Architect,Legal,Equipment,HP Inc,Equipment - HP Inc - Business purpose,1232.26,USD,Yes,Yes,Direct Bill,CC-152,PRJ-OVERHEAD,6500,Pending
EXP-20264,2024-11-06,EMP-1001,Sarah Chen,VP Customer Success,Finance,Meals & Entertainment,Morton's Steakhouse,Meals & Entertainment - Morton's Steakhouse - Business purpose,492.16,USD,Yes,Yes,Yes,CC-175,PRJ-2024-COPILOT,6200,Approved
EXP-20265,2024-12-25,EMP-1002,Marcus Rivera,Director Finance,Executive,Travel - Hotel,Hyatt,Travel - Hotel - Hyatt - Business purpose,409.44,USD,Yes,Yes,Yes,CC-125,PRJ-2024-OPS,6500,Approved
EXP-20266,2024-11-18,EMP-1001,Sarah Chen,VP Customer Success,Legal,Travel - Airfare,Southwest Airlines,Travel - Airfare - Southwest Airlines - Business purpose,653.32,USD,Yes,Yes,Yes,CC-112,PRJ-2024-COPILOT,6500,Approved
EXP-20267,2024-10-08,EMP-1001,Sarah Chen,VP Customer Success,Finance,Marketing Events,AV Equipment Rental,Marketing Events - AV Equipment Rental - Business purpose,16569.6,USD,Yes,Requires Approval,Yes,CC-152,PRJ-2024-OPS,6300,Under Review
EXP-20268,2024-12-04,EMP-1009,Robert Chang,Senior Engineer,HR,Equipment,Logitech,Equipment - Logitech - Business purpose,2594.88,USD,Yes,Yes,Direct Bill,CC-129,PRJ-2024-MKTG,6300,Approved
EXP-20269,2024-10-03,EMP-1004,Priya Nair,Engineering Lead,Executive,Travel - Airfare,American Airlines,Travel - Airfare - American Airlines - Business purpose,1033.09,USD,Yes,Yes,Yes,CC-138,PRJ-2024-MKTG,6300,Approved
EXP-20270,2024-10-19,EMP-1008,Lisa Torres,Marketing Manager,Executive,Software & Subscriptions,Salesforce,Software & Subscriptions - Salesforce - Business purpose,581.63,USD,Yes,Yes,Direct Bill,CC-178,PRJ-2024-MKTG,6200,Approved
EXP-20271,2024-12-16,EMP-1013,Chris Johnson,Account Executive,HR,Equipment,Apple Business,Equipment - Apple Business - Business purpose,2804.31,USD,Yes,Yes,Direct Bill,CC-143,PRJ-2024-MKTG,6100,Pending
EXP-20272,2024-12-26,EMP-1013,Chris Johnson,Account Executive,Marketing,Meals & Entertainment,Nobu,Meals & Entertainment - Nobu - Business purpose,324.96,USD,Yes,Yes,Yes,CC-189,PRJ-2024-SALES,7100,Approved
EXP-20273,2024-10-08,EMP-1015,Michael Brown,IT Manager,HR,Marketing Events,Event Venue,Marketing Events - Event Venue - Business purpose,15797.02,USD,Yes,Requires Approval,Yes,CC-132,PRJ-2024-OPS,6400,Under Review
EXP-20274,2024-11-08,EMP-1003,Tom Buckley,Sales Director,Sales,Meals & Entertainment,Client Dinner,Meals & Entertainment - Client Dinner - Business purpose,390.25,USD,Yes,Yes,Yes,CC-105,PRJ-OVERHEAD,6300,Approved
EXP-20275,2024-11-09,EMP-1005,James Whitfield,CTO,Sales,Marketing Events,AV Equipment Rental,Marketing Events - AV Equipment Rental - Business purpose,14607.41,USD,Yes,Requires Approval,Yes,CC-154,PRJ-2024-SALES,6100,Under Review
EXP-20276,2024-10-15,EMP-1013,Chris Johnson,Account Executive,Executive,Travel - Airfare,Southwest Airlines,Travel - Airfare - Southwest Airlines - Business purpose,1117.64,USD,Yes,Yes,Yes,CC-112,PRJ-2024-SALES,7200,Under Review
EXP-20277,2024-11-01,EMP-1011,David Kim,Solutions Architect,Executive,Office Supplies,Amazon Business,Office Supplies - Amazon Business - Business purpose,369.83,USD,Yes,Yes,Yes,CC-164,PRJ-2024-COPILOT,6500,Approved
EXP-20278,2024-11-17,EMP-1012,Maria Santos,Financial Analyst,Marketing,Equipment,Dell Technologies,Equipment - Dell Technologies - Business purpose,1069.22,USD,Yes,Yes,Direct Bill,CC-110,PRJ-2024-OPS,6200,Approved
EXP-20279,2024-10-14,EMP-1003,Tom Buckley,Sales Director,Marketing,Marketing Events,Event Marketing Agency,Marketing Events - Event Marketing Agency - Business purpose,18362.8,USD,Yes,Requires Approval,Yes,CC-150,PRJ-2024-SALES,6500,Approved
EXP-20280,2024-12-04,EMP-1001,Sarah Chen,VP Customer Success,Finance,Travel - Hotel,Hyatt,Travel - Hotel - Hyatt - Business purpose,377.92,USD,Yes,Yes,Yes,CC-183,PRJ-2024-SALES,7100,Approved
EXP-20281,2024-12-11,EMP-1002,Marcus Rivera,Director Finance,Executive,Office Supplies,Grainger,Office Supplies - Grainger - Business purpose,355.23,USD,Yes,Yes,Yes,CC-182,PRJ-2024-OPS,6400,Approved
EXP-20282,2024-11-24,EMP-1006,Dana Osei,HR Director,HR,Meals & Entertainment,Local Restaurant,Meals & Entertainment - Local Restaurant - Business purpose,609.09,USD,Yes,Yes,Yes,CC-105,PRJ-2024-SALES,7100,Approved
EXP-20283,2024-12-02,EMP-1014,Rachel Green,Product Manager,Executive,Marketing Events,Catering Services,Marketing Events - Catering Services - Business purpose,8721.11,USD,Yes,Requires Approval,Yes,CC-133,PRJ-OVERHEAD,6100,Under Review
EXP-20284,2024-10-27,EMP-1015,Michael Brown,IT Manager,Engineering,Equipment,Dell Technologies,Equipment - Dell Technologies - Business purpose,905.17,USD,Yes,Yes,Direct Bill,CC-162,PRJ-2024-OPS,6400,Approved
EXP-20285,2024-10-01,EMP-1002,Marcus Rivera,Director Finance,Engineering,Office Supplies,Staples Business,Office Supplies - Staples Business - Business purpose,129.65,USD,Yes,Yes,Yes,CC-153,PRJ-2024-COPILOT,6500,Approved
EXP-20286,2024-11-24,EMP-1001,Sarah Chen,VP Customer Success,Operations,Consulting & Professional Fees,Independent Consultant,Consulting & Professional Fees - Independent Consultant - Business purpose,14318.46,USD,Yes,Requires Approval,Yes,CC-145,PRJ-2024-COPILOT,6300,Approved
EXP-20287,2024-12-26,EMP-1006,Dana Osei,HR Director,Operations,Meals & Entertainment,The Capital Grille,Meals & Entertainment - The Capital Grille - Business purpose,650.66,USD,Yes,Yes,Yes,CC-127,PRJ-2024-COPILOT,7200,Approved
EXP-20288,2024-10-04,EMP-1002,Marcus Rivera,Director Finance,HR,Equipment,Logitech,Equipment - Logitech - Business purpose,2849.22,USD,Yes,Yes,Direct Bill,CC-168,PRJ-2024-COPILOT,6200,Under Review
EXP-20289,2024-11-14,EMP-1007,Kevin Park,Account Executive,Finance,Consulting & Professional Fees,Independent Consultant,Consulting & Professional Fees - Independent Consultant - Business purpose,41199.55,USD,Yes,Requires Approval,Yes,CC-103,PRJ-2024-OPS,7200,Approved
EXP-20290,2024-10-08,EMP-1001,Sarah Chen,VP Customer Success,Legal,Training & Conferences,Gartner Summit,Training & Conferences - Gartner Summit - Business purpose,3714.02,USD,Yes,Yes,Yes,CC-146,PRJ-OVERHEAD,6300,Under Review
EXP-20291,2024-12-13,EMP-1011,David Kim,Solutions Architect,HR,Marketing Events,AV Equipment Rental,Marketing Events - AV Equipment Rental - Business purpose,1854.94,USD,Yes,Yes,Yes,CC-100,PRJ-2024-MKTG,7100,Approved
EXP-20292,2024-11-09,EMP-1005,James Whitfield,CTO,Marketing,Travel - Ground,Uber Business,Travel - Ground - Uber Business - Business purpose,43.39,USD,No,Yes,Yes,CC-177,PRJ-2024-OPS,6100,Pending
EXP-20293,2024-11-12,EMP-1011,David Kim,Solutions Architect,Engineering,Travel - Airfare,Southwest Airlines,Travel - Airfare - Southwest Airlines - Business purpose,1338.49,USD,Yes,Yes,Yes,CC-196,PRJ-OVERHEAD,6200,Pending
EXP-20294,2024-12-05,EMP-1004,Priya Nair,Engineering Lead,Executive,Travel - Airfare,United Airlines,Travel - Airfare - United Airlines - Business purpose,661.95,USD,Yes,Yes,Yes,CC-101,PRJ-2024-OPS,6100,Pending
EXP-20295,2024-11-08,EMP-1003,Tom Buckley,Sales Director,Legal,Meals & Entertainment,Morton's Steakhouse,Meals & Entertainment - Morton's Steakhouse - Business purpose,48.95,USD,No,Yes,Yes,CC-160,PRJ-2024-COPILOT,6200,Approved
EXP-20296,2024-12-20,EMP-1015,Michael Brown,IT Manager,HR,Office Supplies,Grainger,Office Supplies - Grainger - Business purpose,350.34,USD,Yes,Yes,Yes,CC-133,PRJ-2024-COPILOT,6500,Pending
EXP-20297,2024-10-19,EMP-1012,Maria Santos,Financial Analyst,Engineering,Marketing Events,Catering Services,Marketing Events - Catering Services - Business purpose,22642.96,USD,Yes,Requires Approval,Yes,CC-195,PRJ-2024-MKTG,7100,Approved
EXP-20298,2024-12-19,EMP-1009,Robert Chang,Senior Engineer,Executive,Office Supplies,Amazon Business,Office Supplies - Amazon Business - Business purpose,54.0,USD,No,Yes,Yes,CC-125,PRJ-OVERHEAD,7100,Under Review
EXP-20299,2024-11-09,EMP-1009,Robert Chang,Senior Engineer,Engineering,Consulting & Professional Fees,Deloitte,Consulting & Professional Fees - Deloitte - Business purpose,11261.98,USD,Yes,Requires Approval,Yes,CC-188,PRJ-2024-COPILOT,7200,Approved
EXP-20300,2024-11-21,EMP-1012,Maria Santos,Financial Analyst,Finance,Training & Conferences,Internal Training,Training & Conferences - Internal Training - Business purpose,3903.33,USD,Yes,Yes,Yes,CC-190,PRJ-OVERHEAD,6300,Approved
EXP-20301,2024-11-13,EMP-1014,Rachel Green,Product Manager,Operations,Travel - Airfare,American Airlines,Travel - Airfare - American Airlines - Business purpose,284.66,USD,Yes,Yes,Yes,CC-170,PRJ-2024-MKTG,7200,Pending
EXP-20302,2024-12-11,EMP-1013,Chris Johnson,Account Executive,Marketing,Consulting & Professional Fees,PwC,Consulting & Professional Fees - PwC - Business purpose,33806.26,USD,Yes,Requires Approval,Yes,CC-177,PRJ-2024-SALES,6500,Pending
EXP-20303,2024-12-23,EMP-1014,Rachel Green,Product Manager,Operations,Travel - Airfare,Delta Air Lines,Travel - Airfare - Delta Air Lines - Business purpose,1005.75,USD,Yes,Yes,Yes,CC-125,PRJ-2024-OPS,6400,Approved
EXP-20304,2024-12-01,EMP-1002,Marcus Rivera,Director Finance,Legal,Travel - Ground,Lyft Business,Travel - Ground - Lyft Business - Business purpose,75.71,USD,Yes,Yes,Yes,CC-129,PRJ-2024-COPILOT,7200,Approved
EXP-20305,2024-10-21,EMP-1009,Robert Chang,Senior Engineer,Engineering,Training & Conferences,Gartner Summit,Training & Conferences - Gartner Summit - Business purpose,685.13,USD,Yes,Yes,Yes,CC-141,PRJ-2024-MKTG,6300,Under Review
EXP-20306,2024-10-06,EMP-1004,Priya Nair,Engineering Lead,HR,Training & Conferences,Gartner Summit,Training & Conferences - Gartner Summit - Business purpose,3418.41,USD,Yes,Yes,Yes,CC-106,PRJ-2024-SALES,7200,Approved
EXP-20307,2024-12-06,EMP-1014,Rachel Green,Product Manager,Finance,Travel - Airfare,American Airlines,Travel - Airfare - American Airlines - Business purpose,1687.97,USD,Yes,Yes,Yes,CC-183,PRJ-OVERHEAD,6300,Approved
EXP-20308,2024-12-13,EMP-1001,Sarah Chen,VP Customer Success,Finance,Marketing Events,Catering Services,Marketing Events - Catering Services - Business purpose,12504.65,USD,Yes,Requires Approval,Yes,CC-169,PRJ-2024-OPS,6100,Under Review
EXP-20309,2024-12-13,EMP-1014,Rachel Green,Product Manager,Finance,Training & Conferences,Salesforce Dreamforce,Training & Conferences - Salesforce Dreamforce - Business purpose,734.02,USD,Yes,Yes,Yes,CC-121,PRJ-2024-SALES,6300,Approved
EXP-20310,2024-11-23,EMP-1001,Sarah Chen,VP Customer Success,Legal,Equipment,Apple Business,Equipment - Apple Business - Business purpose,2570.19,USD,Yes,Yes,Direct Bill,CC-111,PRJ-2024-COPILOT,6300,Pending
EXP-20311,2024-11-22,EMP-1015,Michael Brown,IT Manager,Marketing,Equipment,Apple Business,Equipment - Apple Business - Business purpose,519.14,USD,Yes,Yes,Direct Bill,CC-139,PRJ-2024-COPILOT,6200,Approved
EXP-20312,2024-10-17,EMP-1002,Marcus Rivera,Director Finance,Finance,Training & Conferences,Internal Training,Training & Conferences - Internal Training - Business purpose,4251.48,USD,Yes,Yes,Yes,CC-183,PRJ-2024-MKTG,7100,Approved
EXP-20313,2024-10-08,EMP-1010,Amanda Walsh,Legal Counsel,HR,Meals & Entertainment,The Capital Grille,Meals & Entertainment - The Capital Grille - Business purpose,117.36,USD,Yes,Yes,Yes,CC-139,PRJ-2024-OPS,7100,Approved
EXP-20314,2024-11-04,EMP-1013,Chris Johnson,Account Executive,Engineering,Travel - Ground,Enterprise Rent-A-Car,Travel - Ground - Enterprise Rent-A-Car - Business purpose,124.92,USD,Yes,Yes,Yes,CC-146,PRJ-2024-OPS,6200,Approved
EXP-20315,2024-10-02,EMP-1004,Priya Nair,Engineering Lead,Engineering,Travel - Ground,Hertz,Travel - Ground - Hertz - Business purpose,48.51,USD,No,Yes,Yes,CC-131,PRJ-2024-SALES,6200,Under Review
EXP-20316,2024-11-23,EMP-1002,Marcus Rivera,Director Finance,HR,Software & Subscriptions,Tableau,Software & Subscriptions - Tableau - Business purpose,290.11,USD,Yes,Yes,Yes,CC-142,PRJ-2024-MKTG,7100,Approved
EXP-20317,2024-11-08,EMP-1009,Robert Chang,Senior Engineer,Finance,Software & Subscriptions,Adobe Creative Cloud,Software & Subscriptions - Adobe Creative Cloud - Business purpose,1113.54,USD,Yes,Yes,Direct Bill,CC-134,PRJ-2024-MKTG,6200,Approved
EXP-20318,2024-11-20,EMP-1001,Sarah Chen,VP Customer Success,Legal,Training & Conferences,Internal Training,Training & Conferences - Internal Training - Business purpose,3739.42,USD,Yes,Yes,Yes,CC-115,PRJ-OVERHEAD,7200,Approved
EXP-20319,2024-11-23,EMP-1005,James Whitfield,CTO,Sales,Marketing Events,Event Venue,Marketing Events - Event Venue - Business purpose,15647.21,USD,Yes,Requires Approval,Yes,CC-168,PRJ-OVERHEAD,6100,Pending
EXP-20320,2024-11-15,EMP-1006,Dana Osei,HR Director,Finance,Software & Subscriptions,Zoom Business,Software & Subscriptions - Zoom Business - Business purpose,491.54,USD,Yes,Yes,Yes,CC-197,PRJ-2024-OPS,7200,Under Review
EXP-20321,2024-12-12,EMP-1015,Michael Brown,IT Manager,Engineering,Travel - Ground,Hertz,Travel - Ground - Hertz - Business purpose,42.43,USD,No,Yes,Yes,CC-115,PRJ-2024-SALES,6400,Under Review
EXP-20322,2024-10-24,EMP-1006,Dana Osei,HR Director,Marketing,Travel - Hotel,IHG,Travel - Hotel - IHG - Business purpose,286.97,USD,Yes,Yes,Yes,CC-197,PRJ-OVERHEAD,6300,Approved
EXP-20323,2024-11-05,EMP-1005,James Whitfield,CTO,Executive,Software & Subscriptions,Salesforce,Software & Subscriptions - Salesforce - Business purpose,182.97,USD,Yes,Yes,Yes,CC-187,PRJ-2024-COPILOT,6100,Approved
EXP-20324,2024-10-03,EMP-1001,Sarah Chen,VP Customer Success,Finance,Training & Conferences,Internal Training,Training & Conferences - Internal Training - Business purpose,1149.59,USD,Yes,Yes,Yes,CC-153,PRJ-2024-OPS,6200,Approved
EXP-20325,2024-12-18,EMP-1013,Chris Johnson,Account Executive,Finance,Meals & Entertainment,Local Restaurant,Meals & Entertainment - Local Restaurant - Business purpose,254.14,USD,Yes,Yes,Yes,CC-150,PRJ-2024-MKTG,6300,Approved
EXP-20326,2024-10-20,EMP-1004,Priya Nair,Engineering Lead,Marketing,Travel - Airfare,United Airlines,Travel - Airfare - United Airlines - Business purpose,599.22,USD,Yes,Yes,Yes,CC-114,PRJ-2024-COPILOT,7100,Pending
EXP-20327,2024-10-07,EMP-1013,Chris Johnson,Account Executive,Legal,Travel - Ground,Uber Business,Travel - Ground - Uber Business - Business purpose,60.84,USD,No,Yes,Yes,CC-164,PRJ-2024-SALES,6100,Pending
EXP-20328,2024-12-02,EMP-1004,Priya Nair,Engineering Lead,Marketing,Travel - Airfare,American Airlines,Travel - Airfare - American Airlines - Business purpose,1443.89,USD,Yes,Yes,Yes,CC-141,PRJ-2024-OPS,7100,Approved
EXP-20329,2024-10-15,EMP-1011,David Kim,Solutions Architect,Legal,Meals & Entertainment,Morton's Steakhouse,Meals & Entertainment - Morton's Steakhouse - Business purpose,492.34,USD,Yes,Yes,Yes,CC-193,PRJ-2024-SALES,6300,Approved
EXP-20330,2024-12-06,EMP-1005,James Whitfield,CTO,Executive,Meals & Entertainment,Client Dinner,Meals & Entertainment - Client Dinner - Business purpose,491.83,USD,Yes,Yes,Yes,CC-105,PRJ-2024-MKTG,6100,Pending
EXP-20331,2024-12-27,EMP-1008,Lisa Torres,Marketing Manager,Executive,Consulting & Professional Fees,Independent Consultant,Consulting & Professional Fees - Independent Consultant - Business purpose,35166.2,USD,Yes,Requires Approval,Yes,CC-166,PRJ-2024-COPILOT,6100,Approved
EXP-20332,2024-12-07,EMP-1008,Lisa Torres,Marketing Manager,HR,Equipment,HP Inc,Equipment - HP Inc - Business purpose,1899.14,USD,Yes,Yes,Direct Bill,CC-182,PRJ-OVERHEAD,6500,Pending
EXP-20333,2024-10-03,EMP-1003,Tom Buckley,Sales Director,Engineering,Consulting & Professional Fees,PwC,Consulting & Professional Fees - PwC - Business purpose,28210.48,USD,Yes,Requires Approval,Yes,CC-194,PRJ-2024-SALES,6500,Under Review
EXP-20334,2024-10-28,EMP-1002,Marcus Rivera,Director Finance,Operations,Travel - Hotel,IHG,Travel - Hotel - IHG - Business purpose,369.63,USD,Yes,Yes,Yes,CC-183,PRJ-2024-MKTG,6500,Approved
EXP-20335,2024-12-12,EMP-1006,Dana Osei,HR Director,Finance,Equipment,Logitech,Equipment - Logitech - Business purpose,653.0,USD,Yes,Yes,Direct Bill,CC-111,PRJ-2024-COPILOT,6200,Approved
EXP-20336,2024-11-16,EMP-1003,Tom Buckley,Sales Director,HR,Office Supplies,Office Depot,Office Supplies - Office Depot - Business purpose,91.11,USD,Yes,Yes,Yes,CC-148,PRJ-2024-MKTG,6200,Under Review
EXP-20337,2024-12-14,EMP-1015,Michael Brown,IT Manager,Operations,Equipment,HP Inc,Equipment - HP Inc - Business purpose,667.15,USD,Yes,Yes,Direct Bill,CC-183,PRJ-OVERHEAD,6400,Approved
EXP-20338,2024-11-07,EMP-1011,David Kim,Solutions Architect,HR,Travel - Airfare,Southwest Airlines,Travel - Airfare - Southwest Airlines - Business purpose,1071.97,USD,Yes,Yes,Yes,CC-115,PRJ-2024-SALES,6200,Approved
EXP-20339,2024-10-14,EMP-1012,Maria Santos,Financial Analyst,Engineering,Travel - Ground,Enterprise Rent-A-Car,Travel - Ground - Enterprise Rent-A-Car - Business purpose,25.65,USD,No,Yes,Yes,CC-101,PRJ-2024-SALES,6100,Under Review
EXP-20340,2024-11-06,EMP-1004,Priya Nair,Engineering Lead,Sales,Meals & Entertainment,Client Dinner,Meals & Entertainment - Client Dinner - Business purpose,608.07,USD,Yes,Yes,Yes,CC-187,PRJ-2024-SALES,6200,Approved
EXP-20341,2024-12-17,EMP-1011,David Kim,Solutions Architect,HR,Travel - Ground,Enterprise Rent-A-Car,Travel - Ground - Enterprise Rent-A-Car - Business purpose,20.55,USD,No,Yes,Yes,CC-160,PRJ-2024-COPILOT,6400,Approved
EXP-20342,2024-11-19,EMP-1007,Kevin Park,Account Executive,Sales,Marketing Events,AV Equipment Rental,Marketing Events - AV Equipment Rental - Business purpose,13978.63,USD,Yes,Requires Approval,Yes,CC-133,PRJ-2024-MKTG,7200,Pending
EXP-20343,2024-10-28,EMP-1009,Robert Chang,Senior Engineer,Operations,Travel - Ground,Lyft Business,Travel - Ground - Lyft Business - Business purpose,105.83,USD,Yes,Yes,Yes,CC-177,PRJ-OVERHEAD,7200,Pending
EXP-20344,2024-12-23,EMP-1004,Priya Nair,Engineering Lead,Executive,Consulting & Professional Fees,PwC,Consulting & Professional Fees - PwC - Business purpose,38339.62,USD,Yes,Requires Approval,Yes,CC-198,PRJ-2024-OPS,7200,Approved
EXP-20345,2024-12-07,EMP-1002,Marcus Rivera,Director Finance,Operations,Marketing Events,Event Venue,Marketing Events - Event Venue - Business purpose,13568.87,USD,Yes,Requires Approval,Yes,CC-113,PRJ-2024-OPS,7100,Approved
EXP-20346,2024-11-15,EMP-1014,Rachel Green,Product Manager,Operations,Travel - Airfare,Southwest Airlines,Travel - Airfare - Southwest Airlines - Business purpose,2105.74,USD,Yes,Yes,Yes,CC-151,PRJ-2024-MKTG,6200,Pending
EXP-20347,2024-10-16,EMP-1008,Lisa Torres,Marketing Manager,Legal,Travel - Ground,Lyft Business,Travel - Ground - Lyft Business - Business purpose,23.75,USD,No,Yes,Yes,CC-187,PRJ-2024-SALES,6100,Approved
EXP-20348,2024-10-20,EMP-1011,David Kim,Solutions Architect,Finance,Equipment,Apple Business,Equipment - Apple Business - Business purpose,1380.39,USD,Yes,Yes,Direct Bill,CC-177,PRJ-2024-SALES,6400,Pending
EXP-20349,2024-11-04,EMP-1009,Robert Chang,Senior Engineer,Executive,Training & Conferences,Microsoft Ignite,Training & Conferences - Microsoft Ignite - Business purpose,845.25,USD,Yes,Yes,Yes,CC-155,PRJ-2024-SALES,6500,Pending
